store_nbr,family,actual_mean,predicted_mean,mean_error_percent
1,PREPARED FOODS,80.79201394574096,79.38236671127925,inf
1,SEAFOOD,25.891076780221706,26.337111472251745,inf
2,BEVERAGES,2476.673278879813,2486.2200659396326,inf
2,BREAD/BAKERY,550.4108979521586,546.259775554093,inf
2,CLEANING,967.5834305717619,962.7996241506376,inf
2,DELI,244.63228442240373,248.24683064458955,inf
2,EGGS,187.18728121353558,190.18757844679448,inf
2,GROCERY II,31.36872812135356,30.893510160003817,inf
2,PERSONAL CARE,265.5635939323221,267.0003023658857,inf
2,PREPARED FOODS,125.06371766627771,124.67517350988527,inf
2,SEAFOOD,32.24679520431739,32.72917439637016,inf
3,DELI,395.4121042882147,398.69552010388713,inf
3,GROCERY II,77.72112018669779,76.36153257233865,inf
3,LAWN AND GARDEN,24.546091015169196,23.93242735220776,inf
3,LINGERIE,27.591598599766627,26.9163730956717,inf
3,PREPARED FOODS,367.74882843640603,361.7829907449027,inf
3,SEAFOOD,106.2278531394399,105.63850938971922,inf
4,BREAD/BAKERY,406.1173792707118,404.0276880131576,inf
4,DELI,216.56650034072345,220.77782086157876,inf
4,EGGS,172.20361726954494,176.4467187069737,inf
4,GROCERY II,20.862310385064177,20.354228289214525,inf
4,"LIQUOR,WINE,BEER",83.60676779463243,81.92090261659645,inf
4,MEATS,369.94352389148196,375.50728912694075,inf
4,PERSONAL CARE,228.4539089848308,231.89578896639316,inf
4,PREPARED FOODS,99.88082383838973,100.38574119594752,inf
4,SEAFOOD,32.67774370186698,33.18305647314177,inf
5,BREAD/BAKERY,381.8391300175029,381.6258296025335,inf
5,CLEANING,991.0256709451576,991.106022954792,inf
5,EGGS,113.38273045507584,116.20362495102181,inf
5,GROCERY II,19.772462077012836,19.229011942265892,inf
5,"LIQUOR,WINE,BEER",66.0460910151692,63.409728680085536,inf
5,PERSONAL CARE,267.5355892648775,269.92724733425416,inf
5,PREPARED FOODS,87.8497427042007,87.06000276969856,inf
6,CLEANING,1238.0921820303383,1241.4135321539748,inf
6,DELI,342.0831970478413,344.29599206782063,inf
6,EGGS,205.05775962660442,207.45601333747473,inf
6,GROCERY II,35.35005834305718,34.812141576940526,inf
6,"LIQUOR,WINE,BEER",94.15519253208868,91.08182420072274,inf
6,MEATS,495.77650020420066,499.755702066754,inf
6,PERSONAL CARE,322.09393232205366,323.91045677040063,inf
6,PREPARED FOODS,140.79261835764294,138.91202668266743,inf
6,SEAFOOD,43.449633494165695,44.29358632587933,inf
7,BREAD/BAKERY,642.7257962135355,629.2569711918991,inf
7,CLEANING,1051.362893815636,1044.7329795317546,inf
7,DELI,169.02245803850644,170.18606034557442,inf
7,EGGS,284.8757292882147,283.81100634073005,inf
7,"LIQUOR,WINE,BEER",160.27129521586932,153.74247713601702,inf
7,MEATS,521.7740846266045,518.8652527931188,inf
7,PERSONAL CARE,213.487747957993,211.9464250732372,inf
7,PREPARED FOODS,179.5361247957993,175.5832341353673,inf
7,SEAFOOD,57.479092049008166,54.45738647914934,inf
8,BREAD/BAKERY,753.7431040256708,743.1824749661861,inf
8,DAIRY,1412.7170361726955,1404.9009785899625,inf
8,DELI,278.9420418728121,279.6129313151373,inf
8,EGGS,327.25087514585766,327.1355372184277,inf
8,LINGERIE,22.365227537922987,21.049720023904758,inf
8,PERSONAL CARE,327.4801633605601,326.5109502251798,inf
8,POULTRY,599.2120534830805,602.4343951554844,inf
8,PREPARED FOODS,211.9620291511085,207.19681968542292,inf
8,SEAFOOD,55.741958301050175,54.71959127862935,inf
9,BEVERAGES,2753.5863477246207,2782.477621492955,inf
9,CLEANING,1724.1966161026837,1745.0089105441175,inf
9,DELI,585.0704778763127,591.4791040931078,inf
9,EGGS,192.72287047841306,196.60395646499856,inf
9,"LIQUOR,WINE,BEER",51.767794632438736,49.529297853018484,inf
9,MEATS,377.1600038448075,378.9296015046102,inf
9,POULTRY,484.227579924154,485.08927343585833,inf
9,PREPARED FOODS,88.92163241306885,87.26411620327374,inf
10,BEVERAGES,898.2882147024504,905.5306904528277,inf
10,BREAD/BAKERY,113.69953325554259,116.35324455885578,inf
10,CLEANING,783.7520420070011,784.1966748293329,inf
10,DAIRY,251.31796966161028,256.0820536571432,inf
10,DELI,249.06534422403735,252.202405659397,inf
10,EGGS,48.84422403733956,50.14750739963517,inf
10,FROZEN FOODS,44.49235532788798,44.31979502218549,inf
10,MEATS,186.8498505245041,186.48685949580693,inf
10,PERSONAL CARE,179.01808634772462,181.6542360490014,inf
10,POULTRY,175.75655257001168,176.38202579339375,inf
11,BREAD/BAKERY,607.1021003500583,605.7143837990686,inf
11,CLEANING,1944.2298716452742,1958.2795587986805,inf
11,DAIRY,514.0793465577597,517.6935303351571,inf
11,DELI,430.58800606184366,434.98060907932455,inf
11,EGGS,157.0997666277713,158.43235539030715,inf
11,"LIQUOR,WINE,BEER",44.54959159859977,41.84190698079107,inf
11,MEATS,620.8288861085181,614.4196028911572,inf
11,PERSONAL CARE,392.71178529754957,400.54238048794423,inf
13,BREAD/BAKERY,164.3051341890315,163.32012260148633,inf
13,CLEANING,779.2969661610268,768.6755306497992,inf
13,DELI,158.6131855309218,157.91178827808687,inf
13,EGGS,52.15169194865811,52.895391870286076,inf
13,FROZEN FOODS,35.125418330221706,33.71679772076896,inf
13,GROCERY I,2719.161873395566,2679.3618873875002,inf
13,MEATS,152.91917776021003,150.29923848238002,inf
13,PERSONAL CARE,180.19661610268378,179.45273541648933,inf
13,POULTRY,118.75163741073513,117.47443767950064,inf
15,BREAD/BAKERY,152.68961493582265,152.90883233396744,inf
15,CLEANING,872.0834305717619,857.6492084292136,inf
15,DAIRY,302.19603267211204,302.7031048396285,inf
15,DELI,271.00058343057174,269.56619288694606,inf
15,EGGS,78.47432905484247,79.0293085941149,inf
15,"LIQUOR,WINE,BEER",24.88973162193699,22.44770220046223,inf
15,PERSONAL CARE,181.68378063010502,181.3398230715347,inf
15,POULTRY,124.6114509655776,122.98588271039574,inf
15,PREPARED FOODS,30.820886814469077,29.195729089719563,inf
16,BREAD/BAKERY,202.0904317386231,205.47145037160624,inf
16,CLEANING,1001.3868144690782,1009.7586825633463,inf
16,DELI,214.14994165694281,215.68468949654795,inf
16,EGGS,178.22812135355892,179.4785836330924,inf
16,FROZEN FOODS,42.79400584568261,42.30329406119165,inf
16,"LIQUOR,WINE,BEER",36.21995332555426,34.57690274403095,inf
16,MEATS,76.33102071878646,74.9344802137739,inf
16,PERSONAL CARE,197.24737456242707,199.622024390685,inf
16,POULTRY,94.2988417676196,92.8708159653291,inf
16,PREPARED FOODS,41.76896149358226,41.073707299752165,inf
17,BREAD/BAKERY,252.97432905484249,255.79441857621373,inf
17,CLEANING,1068.62252042007,1074.1060489698325,inf
17,EGGS,181.06476079346558,183.18699813305435,inf
17,FROZEN FOODS,98.13231101400234,97.80810982060127,inf
17,"LIQUOR,WINE,BEER",39.382730455075844,37.744883326903924,inf
17,MEATS,253.02204491715287,250.7340580251043,inf
17,PERSONAL CARE,229.16161026837807,231.60956626452665,inf
17,POULTRY,301.6805148220537,300.30703777166076,inf
17,PREPARED FOODS,65.42998833138857,63.483258237973466,inf
19,BREAD/BAKERY,179.83780630105016,181.07877585045705,inf
19,CLEANING,928.1353558926488,920.4507078503813,inf
19,DAIRY,289.93173862310385,290.40781506002395,inf
19,DELI,274.2100350058343,274.23292714045385,inf
19,EGGS,64.90431738623104,65.5699171878318,inf
19,FROZEN FOODS,62.66357052217036,61.81304061108689,inf
19,"LIQUOR,WINE,BEER",34.09801633605601,32.12728359657127,inf
19,MEATS,141.335014546091,139.22025219491985,inf
19,POULTRY,122.37800888448075,120.26263179534995,inf
19,PREPARED FOODS,33.49124854142357,32.4958563725712,inf
23,CLEANING,573.9381563593932,570.6257075223207,inf
23,DELI,133.5027403185531,133.84242451136294,inf
23,EGGS,55.22170361726955,54.051344143884236,inf
23,PERSONAL CARE,140.40431738623104,141.3646147858984,inf
23,POULTRY,296.56919348774795,294.9670745341315,inf
23,PREPARED FOODS,49.50682438506418,47.405431467848885,inf
26,DELI,91.02991839789965,92.72185703642326,inf
26,EGGS,41.87747957992999,43.6442838178305,inf
26,MEATS,280.3561053068845,280.7991202179019,inf
26,PERSONAL CARE,161.26662777129522,161.06281867997146,inf
26,POULTRY,162.66041401283547,165.13463818009797,inf
27,CLEANING,792.0793465577597,799.3876768601815,inf
27,DAIRY,795.7613768961494,799.5242385889089,inf
27,DELI,250.20918732788797,253.1932420815548,inf
27,EGGS,211.36289381563594,213.06993323556742,inf
27,GROCERY II,21.78646441073512,20.61477580880687,inf
27,PERSONAL CARE,204.01516919486582,206.57761706000372,inf
27,POULTRY,378.3784720828471,379.2474137073308,inf
27,PREPARED FOODS,89.71270366569429,87.82198123754,inf
28,CLEANING,1021.0373395565928,1032.685695994304,inf
28,DELI,337.5733102928822,340.7373024096173,inf
28,MEATS,196.06825718086347,197.29176390321663,inf
28,PERSONAL CARE,299.0886814469078,302.4136735969578,inf
28,PREPARED FOODS,64.68941890140023,63.86599634613299,inf
31,BREAD/BAKERY,467.1901983663944,467.3427124530957,inf
31,CLEANING,1250.6021003500584,1256.7722432680932,inf
31,DAIRY,590.6353558926488,594.7269306702018,inf
31,DELI,246.91723138448074,249.36577891763767,inf
31,MEATS,305.39555056242705,305.20912277193924,inf
31,POULTRY,138.44008619428237,139.24643251093457,inf
31,PREPARED FOODS,72.50991831738624,70.24099077370477,inf
32,BREAD/BAKERY,99.6487747957993,101.87394153862532,inf
32,CLEANING,450.7345390898483,448.99598930083016,inf
32,DAIRY,144.18319719953325,145.72764624218007,inf
32,DELI,97.00116686114352,97.66009931543144,inf
32,EGGS,133.98658109684948,134.1338948010846,inf
32,FROZEN FOODS,29.787194234247377,28.578254391483433,inf
32,MEATS,59.71160469428238,59.74086914142909,inf
32,PERSONAL CARE,99.7147024504084,101.2885917933455,inf
32,POULTRY,63.5889679428238,62.01151048663071,inf
33,BREAD/BAKERY,274.91773628938154,279.0521892839967,inf
33,EGGS,170.12193698949824,173.1605488603853,inf
33,"LIQUOR,WINE,BEER",64.86522753792299,63.248713149924754,inf
33,PERSONAL CARE,238.81971995332555,241.28492290946627,inf
33,POULTRY,212.04085677421236,211.15424174522883,inf
33,PREPARED FOODS,37.20128354725787,36.16248713765948,inf
34,CLEANING,913.8885647607934,908.189222425416,inf
34,EGGS,114.70828471411902,115.27492278743968,inf
34,"LIQUOR,WINE,BEER",53.06884480746791,50.306407079431224,inf
34,MEATS,184.02572109276545,183.16997689876212,inf
34,PERSONAL CARE,317.84247374562426,317.9014786914742,inf
34,PREPARED FOODS,34.98017619369895,33.7142298719261,inf
35,BREAD/BAKERY,93.25495915985998,94.46272492072517,inf
35,DAIRY,158.66627771295217,159.62500588236213,inf
35,DELI,82.12952158693116,82.8928108118832,inf
35,EGGS,167.11610268378064,166.168343854239,inf
35,MEATS,161.19261658984829,161.3954052590189,inf
35,PERSONAL CARE,87.38739789964994,89.11034527078854,inf
35,POULTRY,56.34391058203034,55.54100741838827,inf
37,BREAD/BAKERY,547.7691101983664,540.2999459468655,inf
37,CLEANING,1054.0215869311553,1041.709991118896,inf
37,DAIRY,885.5670945157526,868.3788501645128,inf
37,DELI,146.01406504084014,146.45044266366043,inf
37,EGGS,155.13302217036173,155.42077117020474,inf
37,GROCERY II,46.65985997666278,44.71560985787174,inf
37,MEATS,249.14765344224037,248.57764344848863,inf
37,POULTRY,244.55027248249706,243.07216120065146,inf
38,DELI,169.15451645390897,169.8588858426461,inf
38,GROCERY II,26.51166861143524,25.01733407403677,inf
38,"LIQUOR,WINE,BEER",79.04025670945157,74.2072113802055,inf
38,MEATS,184.96249130805134,185.51731538745943,inf
38,POULTRY,157.33998488273045,158.78928293837276,inf
38,PREPARED FOODS,121.80319835997666,119.2432617105619,inf
38,SEAFOOD,19.798307924504083,18.618529420553873,inf
39,CLEANING,1295.556009334889,1296.6341897418283,inf
39,DAIRY,515.7042007001166,518.6616437605595,inf
39,DELI,185.15517822170364,184.75281636185127,inf
39,EGGS,384.90315052508754,403.26832569863956,inf
39,FROZEN FOODS,92.79333724154026,92.3534349459888,inf
39,GROCERY II,28.7024504084014,27.189681504579877,inf
39,"LIQUOR,WINE,BEER",64.33547257876313,61.277116414220934,inf
39,MEATS,238.46032563827305,221.3481506770616,inf
39,PERSONAL CARE,308.73103850641775,309.9181831553023,inf
39,PREPARED FOODS,76.17071007584597,74.21963805750543,inf
40,BREAD/BAKERY,363.693698949825,361.94217227259435,inf
40,DELI,249.3338366394399,248.51260384464896,inf
40,EGGS,141.67736289381563,141.46867863571077,inf
40,PERSONAL CARE,285.0280046674446,284.50978622607204,inf
40,POULTRY,151.07957459801634,148.97390720819993,inf
40,PREPARED FOODS,49.29463243873979,47.437299968553916,inf
41,DAIRY,557.1884480746791,560.9432703732424,inf
41,DELI,195.48269641073512,197.99800487964058,inf
41,EGGS,117.6026837806301,117.85683806695546,inf
41,GROCERY II,22.764294049008168,21.354294460353525,inf
41,"LIQUOR,WINE,BEER",71.28471411901984,68.46132532743677,inf
41,MEATS,172.1850059294049,175.639419255569,inf
41,PERSONAL CARE,261.0752625437573,262.7499325138519,inf
41,POULTRY,158.93567481446908,160.65076637009653,inf
41,PREPARED FOODS,59.55030163593933,57.63730217263982,inf
43,BREAD/BAKERY,304.28121353558925,305.7905246140289,inf
43,DAIRY,354.6336056009335,356.22973610444274,inf
43,DELI,234.06291074679115,234.68349873057755,inf
43,GROCERY I,3305.488929988331,3300.1941839962687,inf
43,MEATS,148.27182666102684,146.62786294230494,inf
43,PERSONAL CARE,221.1382730455076,220.98859028228742,inf
43,POULTRY,169.7749016890315,168.3180750251245,inf
43,PREPARED FOODS,60.0298646487748,57.78926307462141,inf
44,AUTOMOTIVE,18.914235705950993,19.255504741650302,inf
44,BREAD/BAKERY,1388.0487592590432,1391.9018436832882,inf
44,DELI,597.3428185530922,607.8205725229881,inf
44,GROCERY II,81.64585764294048,81.83334543439273,inf
45,CLEANING,2508.700700116686,2503.1352903992115,inf
45,GROCERY I,9758.379965577597,9663.636844671666,inf
45,GROCERY II,83.08984830805134,82.90252833711695,inf
45,PREPARED FOODS,326.092035705951,324.0534587398231,inf
45,SEAFOOD,97.31764727012835,98.35674687534288,inf
46,CLEANING,2304.468494749125,2310.055263862793,inf
46,EGGS,179.51575262543759,188.66513700209856,inf
46,GROCERY II,42.25845974329055,43.29503039965697,inf
46,POULTRY,1009.1787601458577,1014.5685852179861,inf
46,PREPARED FOODS,173.8036499982497,176.61726772885552,inf
46,SEAFOOD,50.55287110746791,53.020961083629224,inf
47,AUTOMOTIVE,16.03267211201867,16.1765800333573,inf
47,CLEANING,2329.2438739789964,2324.968154874725,inf
47,EGGS,356.8249708284714,363.9417494087868,inf
47,GROCERY II,64.43990665110852,64.95379766065619,inf
47,"LIQUOR,WINE,BEER",167.91015169194867,161.98896517007262,inf
47,PERSONAL CARE,704.0851808634773,705.6662526031821,inf
47,PREPARED FOODS,288.958806957993,288.66742976010164,inf
47,SEAFOOD,85.77691572053675,87.3549749954968,inf
48,CLEANING,2146.710618436406,2163.691775225552,inf
48,DAIRY,1203.4789964994166,1220.1951668935374,inf
48,EGGS,142.62252042007,151.01108869259633,inf
48,GROCERY II,42.92882147024504,44.43450066599545,inf
48,"LIQUOR,WINE,BEER",105.08459743290548,102.85712075767782,inf
48,PERSONAL CARE,708.2963827304551,709.8586360335618,inf
48,PREPARED FOODS,131.72649646791132,134.64986991481612,inf
48,SEAFOOD,30.00223180950992,32.10301087575661,inf
49,DELI,367.94278361143523,372.1946185766797,inf
49,EGGS,430.8943990665111,432.37884767030005,inf
49,GROCERY II,64.38214702450408,64.72160915289088,inf
49,"LIQUOR,WINE,BEER",218.77304550758458,211.36214371620338,inf
49,MEATS,728.4896837281213,737.5414993024758,inf
49,PERSONAL CARE,394.13535589264876,397.3231967824731,inf
49,PREPARED FOODS,297.299884504084,295.9924058783603,inf
49,SEAFOOD,85.7436951411902,87.27124018796565,inf
50,BREAD/BAKERY,578.9084766569429,576.5782022007846,inf
50,EGGS,114.87281213535589,119.48073358813656,inf
50,GROCERY II,46.724620770128354,47.25491338404638,inf
50,"LIQUOR,WINE,BEER",114.0046674445741,111.59343530290124,inf
50,POULTRY,438.23112494749125,440.5976961441198,inf
50,PREPARED FOODS,122.90388973103852,124.20379450472629,inf
50,SEAFOOD,23.68679376563594,24.037956374825438,inf
51,DELI,259.2387079929988,261.0266118372087,inf
51,EGGS,335.74445740956827,336.71389948342346,inf
51,GROCERY II,31.876896149358227,31.51471491610974,inf
51,PERSONAL CARE,288.0688448074679,287.86489278508554,inf
51,PREPARED FOODS,169.47131602800468,168.00529896257245,inf
51,SEAFOOD,65.85166622170362,65.8813306970385,inf
54,BREAD/BAKERY,218.68494749124855,224.5663930677906,inf
54,CLEANING,1041.1680280046673,1048.3321636572293,inf
54,DAIRY,180.5338389731622,184.32571383519286,inf
54,DELI,184.18987106184366,187.33680104387003,inf
54,FROZEN FOODS,34.29723452345391,35.059684027673356,inf
54,"LIQUOR,WINE,BEER",24.080513418903152,23.378006303996372,inf
54,MEATS,52.105457037339555,52.89449773762694,inf
54,PERSONAL CARE,182.41773628938157,188.51703581635846,inf
54,POULTRY,52.90206662176196,53.87740951769294,inf
54,PREPARED FOODS,61.24154025670945,60.89863994951242,inf
1,AUTOMOTIVE,3.251458576429405,3.8659911074786035,
1,BABY CARE,0.0,0.8855535479335871,
1,BEAUTY,2.4171528588098017,3.0324010628215947,
1,BEVERAGES,1588.512252042007,1575.4872412845943,
1,BOOKS,0.12427071178529756,0.9400081217865329,
1,BREAD/BAKERY,338.12552675787634,329.7152183152585,
1,CELEBRATION,9.996499416569428,10.014233681533218,
1,CLEANING,639.9976662777129,638.7155035631273,
1,DAIRY,626.0764294049009,623.105563198621,
1,DELI,122.81798604784132,127.43421867251155,
1,EGGS,140.2625437572929,143.62174373399367,
1,FROZEN FOODS,130.7550991715286,129.8914231657199,
1,GROCERY I,2224.9836639439905,2200.4367388854353,
1,GROCERY II,21.86056009334889,21.1726537632428,
1,HARDWARE,1.602100350058343,2.203855108887883,
1,HOME AND KITCHEN I,14.855309218203034,14.835465332196966,
1,HOME AND KITCHEN II,12.95799299883314,12.858933574095458,
1,HOME APPLIANCES,0.338389731621937,1.0746715892123893,
1,HOME CARE,101.21236872812135,102.07973717573525,
1,LADIESWEAR,9.407234539089849,9.471680102986799,
1,LAWN AND GARDEN,9.001166861143524,9.941645395660853,
1,LINGERIE,6.720536756126021,7.216839776512228,
1,"LIQUOR,WINE,BEER",101.65927654609102,98.28315918801442,
1,MAGAZINES,3.2252042007001167,3.4342984940515007,
1,MEATS,312.6019464235706,313.62703032512877,
1,PERSONAL CARE,129.0764294049008,129.59584568301787,
1,PET SUPPLIES,3.488331388564761,3.8143184933188556,
1,PLAYERS AND ELECTRONICS,5.313302217036172,5.605951791323541,
1,POULTRY,283.79704350350056,280.95519311787575,
1,PRODUCE,1452.2229215285881,1446.0913545788399,
1,SCHOOL AND OFFICE SUPPLIES,0.16977829638273045,1.0043615286167493,
2,AUTOMOTIVE,5.411901983663944,5.649565521156034,
2,BABY CARE,0.049008168028004666,1.0383083014254668,
2,BEAUTY,4.741540256709452,5.427553828901884,
2,BOOKS,0.14294049008168028,1.1063292084030716,
2,CELEBRATION,8.021003500583431,8.283001955487737,
2,DAIRY,855.7607934655776,853.4500043285789,
2,FROZEN FOODS,163.6215355968495,162.97097128513542,
2,GROCERY I,3929.9458593932322,3935.664741039705,
2,HARDWARE,1.1785297549591598,1.9272807352338168,
2,HOME AND KITCHEN I,17.64235705950992,17.852490244678503,
2,HOME AND KITCHEN II,14.488331388564761,15.221016485581968,
2,HOME APPLIANCES,0.47841306884480744,1.3739474865394028,
2,HOME CARE,179.30338389731622,180.73326672943807,
2,LADIESWEAR,17.693115519253208,17.565866295869945,
2,LAWN AND GARDEN,8.239206534422404,8.478444825807689,
2,LINGERIE,9.316802800466744,9.412215537799872,
2,"LIQUOR,WINE,BEER",87.18611435239207,84.75238307545615,
2,MAGAZINES,3.865227537922987,4.068207226264655,
2,MEATS,504.2591845740957,512.2917954343875,
2,PET SUPPLIES,5.455659276546091,5.694637029464324,
2,PLAYERS AND ELECTRONICS,5.763710618436406,5.92338240102593,
2,POULTRY,487.41732686172696,491.1093903832934,
2,PRODUCE,1659.9851886231038,1664.42613612983,
2,SCHOOL AND OFFICE SUPPLIES,0.45915985997666275,1.3826924463793755,
3,AUTOMOTIVE,9.311551925320886,9.270730618626166,
3,BABY CARE,0.3943990665110852,1.262395164628271,
3,BEAUTY,9.659276546091014,10.008343377499278,
3,BEVERAGES,6758.858226371061,6736.420996149379,
3,BOOKS,0.3185530921820303,1.2336518027727257,
3,BREAD/BAKERY,1151.6940580280047,1142.9241155079512,
3,CELEBRATION,29.07467911318553,29.35167914245424,
3,CLEANING,2065.3360560093347,2068.2163844398397,
3,DAIRY,2046.9597432905484,2038.7148847466035,
3,EGGS,522.8646441073512,525.4474278654725,
3,FROZEN FOODS,455.59341497666276,450.9497587248761,
3,GROCERY I,7726.074786464411,7715.939794354946,
3,HARDWARE,2.988914819136523,3.7529425276483415,
3,HOME AND KITCHEN I,44.04492415402567,44.3266234483951,
3,HOME AND KITCHEN II,35.20945157526254,35.417372703684045,
3,HOME APPLIANCES,1.8751458576429405,2.7641887590633836,
3,HOME CARE,326.2870478413069,326.38115726682537,
3,LADIESWEAR,31.128938156359393,31.40488671721042,
3,"LIQUOR,WINE,BEER",221.20128354725787,211.39649812101777,
3,MAGAZINES,12.261376896149358,12.03345679651444,
3,MEATS,811.7192667094515,826.5846625160669,
3,PERSONAL CARE,504.82438739789967,506.12630492176567,
3,PET SUPPLIES,11.793465577596265,11.65160843398252,
3,PLAYERS AND ELECTRONICS,17.80921820303384,17.521837055769463,
3,POULTRY,1132.5387022228704,1121.4343384469307,
3,PRODUCE,5136.410551575263,5127.7848945038895,
3,SCHOOL AND OFFICE SUPPLIES,0.7561260210035006,1.6167578686689332,
4,AUTOMOTIVE,4.028588098016336,4.579323577727575,
4,BABY CARE,0.014002333722287048,1.023977800554967,
4,BEAUTY,4.096849474912485,4.979813555657812,
4,BEVERAGES,2185.289381563594,2197.4681681636903,
4,BOOKS,0.15752625437572929,1.1115025976402082,
4,CELEBRATION,6.435822637106185,6.659452128469676,
4,CLEANING,885.3255542590432,883.2417321023372,
4,DAIRY,791.5624270711785,793.01004147078,
4,FROZEN FOODS,154.06309387631273,154.07612199744884,
4,GROCERY I,3356.031329638273,3361.3731771388343,
4,HARDWARE,1.1365227537922986,1.9141426755971505,
4,HOME AND KITCHEN I,13.90198366394399,14.312686905930622,
4,HOME AND KITCHEN II,8.883313885647608,9.388939891627354,
4,HOME APPLIANCES,0.3908984830805134,1.2966646192367042,
4,HOME CARE,154.5968494749125,157.07384481162504,
4,LADIESWEAR,15.3389731621937,15.164532068178621,
4,LAWN AND GARDEN,9.4463243873979,9.60779330109273,
4,LINGERIE,4.574095682613769,5.2507720717407365,
4,MAGAZINES,3.5361726954492414,3.7212379265534805,
4,PET SUPPLIES,4.304550758459743,4.581288233146322,
4,PLAYERS AND ELECTRONICS,5.441073512252042,5.615391386262665,
4,POULTRY,449.1782046091015,451.5985908406797,
4,PRODUCE,1574.9862648774797,1583.8365254437824,
4,SCHOOL AND OFFICE SUPPLIES,0.20711785297549593,1.1916407855988955,
5,AUTOMOTIVE,5.46441073512252,5.6728795055874315,
5,BABY CARE,0.12893815635939324,1.101532744914278,
5,BEAUTY,5.152275379229872,5.703023377546534,
5,BEVERAGES,1507.9719953325555,1513.197228907177,
5,BOOKS,0.13768961493582263,1.099654900305899,
5,CELEBRATION,15.612018669778296,15.306730710984137,
5,DAIRY,517.8226371061844,523.4994042851141,
5,DELI,246.8153976604434,249.38729696924062,
5,FROZEN FOODS,164.39621084655775,164.96583662868636,
5,GROCERY I,3130.4976026837803,3122.23253008941,
5,HARDWARE,1.0204200700116686,1.848518982947294,
5,HOME AND KITCHEN I,17.914819136522755,18.043538426213594,
5,HOME AND KITCHEN II,22.264294049008168,22.57584937717371,
5,HOME APPLIANCES,0.5472578763127188,1.4400458830748368,
5,HOME CARE,142.76371061843642,144.6057031574478,
5,LADIESWEAR,8.843640606767794,8.928903093081136,
5,LAWN AND GARDEN,2.953325554259043,3.7959116022710337,
5,LINGERIE,18.731038506417736,18.344051709076847,
5,MAGAZINES,3.9474912485414237,4.139448210093188,
5,MEATS,283.2129393967328,285.34336979567456,
5,PET SUPPLIES,1.913068844807468,2.55680531801772,
5,PLAYERS AND ELECTRONICS,4.791131855309218,4.9296446656601915,
5,POULTRY,249.46554772812135,250.466634406023,
5,PRODUCE,985.5296538273045,970.8846709347424,
5,SCHOOL AND OFFICE SUPPLIES,0.5023337222870479,1.5442633816441491,
5,SEAFOOD,13.24932672007001,13.741236488206265,
6,AUTOMOTIVE,5.365227537922987,5.596780437243701,
6,BABY CARE,0.007001166861143524,1.0209145672247926,
6,BEAUTY,5.689614935822637,6.383627896177954,
6,BEVERAGES,3018.8168028004666,3040.046081678598,
6,BOOKS,0.044340723453908985,1.0427783927280148,
6,BREAD/BAKERY,546.6384452392065,541.7947025704191,
6,CELEBRATION,9.448658109684947,9.584757678656738,
6,DAIRY,959.8074679113186,958.7478555257662,
6,FROZEN FOODS,229.03427692473744,229.29874088955725,
6,GROCERY I,4651.159375145858,4670.526601887547,
6,HARDWARE,0.9276546091015169,1.7230379669645683,
6,HOME AND KITCHEN I,17.554842473745623,17.98942217713234,
6,HOME AND KITCHEN II,29.7975495915986,30.084543926759526,
6,HOME APPLIANCES,0.38914819136522755,1.3651856363157304,
6,HOME CARE,203.39089848308052,204.2329373577113,
6,LADIESWEAR,19.469078179696616,19.599939595196542,
6,LAWN AND GARDEN,7.806884480746791,8.08757907750655,
6,LINGERIE,8.144690781796966,8.394440232355308,
6,MAGAZINES,3.6878646441073513,3.8441092192794413,
6,PET SUPPLIES,5.971411901983664,6.214867076627096,
6,PLAYERS AND ELECTRONICS,7.804550758459743,7.858849822516834,
6,POULTRY,632.1435028179696,637.3682871141232,
6,PRODUCE,1726.0754525087516,1733.9926167499755,
6,SCHOOL AND OFFICE SUPPLIES,0.26721120186697783,1.2771903335995929,
7,AUTOMOTIVE,4.245040840140024,4.102139267772637,
7,BABY CARE,0.029171528588098017,0.4592609284969675,
7,BEAUTY,3.656359393232205,3.8460860979322584,
7,BEVERAGES,3324.9649941656944,3310.5385823589163,
7,BOOKS,0.1266044340723454,0.528829828803285,
7,CELEBRATION,11.343057176196032,10.545158160024597,
7,DAIRY,1226.2712952158693,1208.8458183829964,
7,FROZEN FOODS,259.7502624737456,258.30999195779157,
7,GROCERY I,3715.138728704784,3682.185060171866,
7,GROCERY II,40.13243873978997,37.98833765416329,
7,HARDWARE,2.0501750291715286,2.173770728178949,
7,HOME AND KITCHEN I,14.525087514585763,13.842885496198221,
7,HOME AND KITCHEN II,13.84539089848308,13.251200043088394,
7,HOME APPLIANCES,0.7782963827304551,1.1023158425846773,
7,HOME CARE,150.9049008168028,149.76203743293846,
7,LADIESWEAR,7.337806301050175,6.870510611247696,
7,LAWN AND GARDEN,19.037922987164528,18.348141292414102,
7,LINGERIE,8.889148191365228,8.392759105805498,
7,MAGAZINES,6.679696616102683,6.101946483220186,
7,PET SUPPLIES,3.8588098016336057,3.519178479103783,
7,PLAYERS AND ELECTRONICS,6.9311551925320884,6.4497770137737165,
7,POULTRY,604.5025003092182,598.5597128583091,
7,PRODUCE,3317.8115596266043,3303.7710396092593,
7,SCHOOL AND OFFICE SUPPLIES,0.31680280046674447,0.693356354819525,
8,AUTOMOTIVE,5.289964994165694,5.075309937113166,
8,BABY CARE,0.08343057176196032,0.48909622317332485,
8,BEAUTY,7.197782963827304,7.1200494607208835,
8,BEVERAGES,3780.671528588098,3776.93474790152,
8,BOOKS,0.18728121353558927,0.5675716372710822,
8,CELEBRATION,14.96441073512252,14.078216596989712,
8,CLEANING,1262.1750291715286,1260.1226223965139,
8,FROZEN FOODS,240.88021874912485,239.89077029309482,
8,GROCERY I,4711.011668611435,4707.104378323962,
8,GROCERY II,41.54200700116686,40.398050299722016,
8,HARDWARE,2.393815635939323,2.6394619287585703,
8,HOME AND KITCHEN I,29.879813302217038,29.40791718012728,
8,HOME AND KITCHEN II,25.918903150525086,25.612324684785083,
8,HOME APPLIANCES,1.1645274212368728,1.5768557282762319,
8,HOME CARE,233.81913652275378,232.2157048266542,
8,LADIESWEAR,25.007001166861144,24.394218925655295,
8,LAWN AND GARDEN,16.848308051341892,16.289288215271633,
8,"LIQUOR,WINE,BEER",148.4539089848308,140.2372935227393,
8,MAGAZINES,8.327304550758459,7.713508964366646,
8,MEATS,519.0462285647608,522.6075709006213,
8,PET SUPPLIES,10.245624270711785,9.624046711245247,
8,PLAYERS AND ELECTRONICS,11.334305717619603,10.63441577179784,
8,PRODUCE,3072.449696674446,3083.652894848227,
8,SCHOOL AND OFFICE SUPPLIES,0.425904317386231,0.7713778210777507,
9,AUTOMOTIVE,13.915402567094516,13.333829420155194,
9,BABY CARE,0.20186697782963828,0.4672281197123105,
9,BEAUTY,5.558343057176196,5.501206047680939,
9,BOOKS,0.0,0.3631595596269643,
9,BREAD/BAKERY,567.61260210035,572.6525148640377,
9,CELEBRATION,9.728121353558926,9.024920154293996,
9,DAIRY,747.450991831972,757.1843985681276,
9,FROZEN FOODS,129.53023662497083,127.95636592967001,
9,GROCERY I,6169.618492415403,6225.063272531714,
9,GROCERY II,11.493582263710618,11.271174195131739,
9,HARDWARE,1.894982497082847,2.211613748344902,
9,HOME AND KITCHEN I,33.24854142357059,33.13527856148483,
9,HOME AND KITCHEN II,19.686697782963826,18.898034613416872,
9,HOME APPLIANCES,0.3938156359393232,0.6749427158788233,
9,HOME CARE,290.4871645274212,294.62987262936787,
9,LADIESWEAR,9.585764294049008,8.963406331178085,
9,LAWN AND GARDEN,4.226954492415403,4.00843869363562,
9,LINGERIE,9.019836639439907,8.480553355709182,
9,MAGAZINES,1.6960326721120187,1.435393477499893,
9,PERSONAL CARE,444.3401400233372,451.007496854856,
9,PET SUPPLIES,3.427071178529755,3.1070242255669362,
9,PLAYERS AND ELECTRONICS,6.852975495915986,6.30558950210851,
9,PRODUCE,974.5067872053676,980.5539271153124,
9,SCHOOL AND OFFICE SUPPLIES,5.999416569428238,5.935017201722312,
9,SEAFOOD,16.923088219544923,16.202647610491503,
10,AUTOMOTIVE,3.0898483080513417,3.2339877843997926,
10,BABY CARE,0.29229871645274214,0.635921420075541,
10,BEAUTY,1.380396732788798,1.778409651812125,
10,BOOKS,0.0,0.3631595596269643,
10,CELEBRATION,2.6236872812135354,2.449554887514119,
10,GROCERY I,2456.9116394399066,2480.361928664906,
10,GROCERY II,3.721703617269545,3.9971162733927836,
10,HARDWARE,0.6872812135355892,0.9620428031549573,
10,HOME AND KITCHEN I,7.436989498249709,7.127790290161342,
10,HOME AND KITCHEN II,5.434655775962661,4.980229697774879,
10,HOME APPLIANCES,0.17852975495915985,0.472763932084148,
10,HOME CARE,120.29638273045508,121.91639953432282,
10,LADIESWEAR,3.2730455075845972,3.030298336686399,
10,LAWN AND GARDEN,0.015169194865810968,0.4291475977006264,
10,LINGERIE,3.221703617269545,3.4606227819856357,
10,"LIQUOR,WINE,BEER",12.296382730455075,10.858848452804438,
10,MAGAZINES,0.2508751458576429,0.43699575632911025,
10,PET SUPPLIES,0.3308051341890315,0.5882147903897798,
10,PLAYERS AND ELECTRONICS,2.3343057176196034,2.2063340209039968,
10,PREPARED FOODS,20.852392065344223,20.045001596516865,
10,PRODUCE,149.6371172578763,151.81252749700195,
10,SCHOOL AND OFFICE SUPPLIES,0.5005834305717619,0.9707476274208049,
10,SEAFOOD,2.883313885647608,3.0027602195050713,
11,AUTOMOTIVE,6.7036172695449245,6.199484503174496,
11,BABY CARE,0.18786464410735124,0.4586955378271965,
11,BEAUTY,4.7987164527421236,4.6329735837623724,
11,BEVERAGES,3657.8862310385066,3668.012539155719,
11,BOOKS,0.0,0.3631595596269643,
11,CELEBRATION,10.159859976662776,9.460034122601316,
11,FROZEN FOODS,104.63661020536756,104.09485703588689,
11,GROCERY I,6579.690899066511,6577.820264967604,
11,GROCERY II,17.544924154025672,16.701017917395266,
11,HARDWARE,0.7287047841306884,0.9424456343318866,
11,HOME AND KITCHEN I,23.665694282380397,23.063175203441237,
11,HOME AND KITCHEN II,13.920653442240374,13.020426621530845,
11,HOME APPLIANCES,0.4031505250875146,0.6535211951883225,
11,HOME CARE,331.0350058343057,334.1989340567708,
11,LADIESWEAR,7.900233372228705,7.303982930757469,
11,LAWN AND GARDEN,1.6406067677946325,1.7691036404346343,
11,LINGERIE,10.981913652275379,10.27758207504676,
11,MAGAZINES,1.5011668611435238,1.28457524722978,
11,PET SUPPLIES,1.0099183197199533,1.0831028538495184,
11,PLAYERS AND ELECTRONICS,7.80046674445741,7.155019950583677,
11,POULTRY,511.78818887981333,512.6361174917045,
11,PREPARED FOODS,55.035036163360566,52.949020922540015,
11,PRODUCE,792.4906694865812,791.8152874954643,
11,SCHOOL AND OFFICE SUPPLIES,3.9498249708284714,4.024968527592697,
11,SEAFOOD,8.30630105017503,7.869998296466263,
12,AUTOMOTIVE,4.7963827304550755,4.495324353697667,
12,BABY CARE,0.10910151691948658,0.4163199428300946,
12,BEAUTY,0.969661610268378,1.2914742568137645,
12,BEVERAGES,1299.9836639439907,1298.4693930177784,
12,BOOKS,0.0,0.3631595596269643,
12,BREAD/BAKERY,186.5291715285881,188.42533373579406,
12,CELEBRATION,6.165694282380397,5.611205431298307,
12,CLEANING,772.5361726954493,770.9893934782774,
12,DAIRY,336.3436406067678,340.46606124062254,
12,DELI,197.17561260210036,197.99988958013833,
12,EGGS,75.17211201866978,75.77613796084354,
12,FROZEN FOODS,48.77070949591598,48.044557581461184,
12,GROCERY I,2505.4119311551926,2501.831137054213,
12,GROCERY II,6.371061843640606,5.9139534201793875,
12,HARDWARE,0.9795799299883314,1.2010398090312615,
12,HOME AND KITCHEN I,10.358226371061845,9.835326405441924,
12,HOME AND KITCHEN II,8.385064177362894,7.75451647908626,
12,HOME APPLIANCES,0.21995332555425903,0.5113249264580534,
12,HOME CARE,113.31680280046675,113.85066200213633,
12,LADIESWEAR,1.2998833138856476,1.5756704206509757,
12,LAWN AND GARDEN,0.009334889148191364,0.4202281178490231,
12,LINGERIE,6.458576429404901,6.042954049337882,
12,"LIQUOR,WINE,BEER",38.641190198366395,36.192615072606614,
12,MAGAZINES,0.749708284714119,0.7721980419883222,
12,MEATS,146.3853362152859,143.39114036818182,
12,PERSONAL CARE,155.86697782963827,157.96339978575224,
12,PET SUPPLIES,0.5239206534422404,0.7249755075711253,
12,PLAYERS AND ELECTRONICS,2.9772462077012833,2.720234876967375,
12,POULTRY,178.71583351050174,176.10965066157053,
12,PREPARED FOODS,33.29638273045508,31.647386723191044,
12,PRODUCE,204.12875921236875,205.2653773060125,
12,SCHOOL AND OFFICE SUPPLIES,0.5390898483080513,0.9629319687435386,
12,SEAFOOD,2.7287047841306884,2.735845147113774,
13,AUTOMOTIVE,5.518669778296383,5.055492227528236,
13,BABY CARE,0.0,0.3631595596269643,
13,BEAUTY,1.2864644107351224,1.4324336969947535,
13,BEVERAGES,1294.2199533255543,1278.6158250154447,
13,BOOKS,0.0,0.3631595596269643,
13,CELEBRATION,4.1242707117852975,3.723984387887285,
13,DAIRY,270.2129521586931,270.33911892191816,
13,GROCERY II,7.373395565927654,6.640075472706426,
13,HARDWARE,0.5285880980163361,0.7421449154262213,
13,HOME AND KITCHEN I,10.689614935822638,10.034682629549323,
13,HOME AND KITCHEN II,8.107351225204201,7.513105238784937,
13,HOME APPLIANCES,0.15402567094515754,0.46543642480576664,
13,HOME CARE,107.50991831971996,107.31152638674936,
13,LADIESWEAR,2.7287047841306884,2.5697752566722456,
13,LAWN AND GARDEN,0.012252042007001166,0.42194526007216204,
13,LINGERIE,3.0659276546091014,3.256445341130078,
13,"LIQUOR,WINE,BEER",32.390315052508754,29.631674716013507,
13,MAGAZINES,0.4620770128354726,0.576708849041383,
13,PET SUPPLIES,0.24095682613768962,0.525301288751922,
13,PLAYERS AND ELECTRONICS,2.3757292882147025,2.2382304545080776,
13,PREPARED FOODS,27.62543757292882,26.22439725418837,
13,PRODUCE,119.12837441073513,118.52598088338495,
13,SCHOOL AND OFFICE SUPPLIES,0.41423570595099185,0.8459731651093029,
13,SEAFOOD,2.0320886814469077,2.2728311929620912,
14,AUTOMOTIVE,3.64585764294049,3.552793308971783,
14,BABY CARE,0.008168028004667444,0.36617935711845473,
14,BEAUTY,1.2765460910151691,1.6657478998422528,
14,BEVERAGES,965.463243873979,956.3024983818594,
14,BOOKS,0.0,0.3631595596269643,
14,BREAD/BAKERY,191.74562427071177,191.6594863891125,
14,CELEBRATION,4.691365227537923,4.206356677935583,
14,CLEANING,1090.1721120186698,1076.39179868014,
14,DAIRY,352.22112018669776,353.0712199342503,
14,DELI,220.6750291715286,219.18604242850736,
14,EGGS,37.55775962660444,37.84050223177317,
14,FROZEN FOODS,64.91374013652276,63.516286588863736,
14,GROCERY I,2655.0558033838975,2629.3498406726453,
14,GROCERY II,6.130105017502917,5.483391533226203,
14,HARDWARE,0.3424737456242707,0.5928660097860902,
14,HOME AND KITCHEN I,12.27071178529755,11.601683257988956,
14,HOME AND KITCHEN II,12.45799299883314,11.454121013540341,
14,HOME APPLIANCES,0.1954492415402567,0.4890879292748238,
14,HOME CARE,154.4340723453909,153.4663948556663,
14,LADIESWEAR,0.9579929988331388,1.2771640255052088,
14,LAWN AND GARDEN,0.0,0.41206181770677275,
14,LINGERIE,4.742123687281214,4.591529412746545,
14,"LIQUOR,WINE,BEER",25.482497082847143,22.94291005416764,
14,MAGAZINES,0.8127187864644108,0.8216057460309955,
14,MEATS,300.62601238681447,296.2243090583954,
14,PERSONAL CARE,274.93523920653445,273.2785663917118,
14,PET SUPPLIES,0.44632438739789965,0.6744175930639815,
14,PLAYERS AND ELECTRONICS,2.9970828471411903,2.706247371641273,
14,POULTRY,94.9201705210035,94.54443490145162,
14,PREPARED FOODS,60.718203033838975,58.09916798237245,
14,PRODUCE,229.34011322053678,225.6242885199797,
14,SCHOOL AND OFFICE SUPPLIES,0.32730455075845977,0.6808947133503308,
14,SEAFOOD,4.32438739789965,4.071682601982822,
15,AUTOMOTIVE,2.679113185530922,2.720213836003816,
15,BABY CARE,0.9480746791131855,1.0331367337169493,
15,BEAUTY,1.9305717619603266,2.1780403029526587,
15,BEVERAGES,1238.3914819136523,1222.413312358674,
15,BOOKS,0.0,0.3631595596269643,
15,CELEBRATION,3.0233372228704782,2.765652749087499,
15,FROZEN FOODS,65.26434188273045,63.39990415222609,
15,GROCERY I,2722.294901983664,2682.502557645226,
15,GROCERY II,9.726954492415402,8.7528977182108,
15,HARDWARE,0.9171528588098017,1.0763326381422307,
15,HOME AND KITCHEN I,29.381563593932324,29.60503473201201,
15,HOME AND KITCHEN II,10.479579929988331,9.605307274846819,
15,HOME APPLIANCES,0.11668611435239207,0.44910129178039127,
15,HOME CARE,147.3663943990665,146.50613595643782,
15,LADIESWEAR,5.64585764294049,5.255208128329347,
15,LAWN AND GARDEN,0.008751458576429404,0.4203690710533329,
15,LINGERIE,4.714702450408401,4.494537351704763,
15,MAGAZINES,0.7596266044340724,0.780324083352461,
15,MEATS,125.70613157584597,123.2261623399971,
15,PET SUPPLIES,0.397316219369895,0.6269663996100725,
15,PLAYERS AND ELECTRONICS,2.679113185530922,2.393311183428977,
15,PRODUCE,390.2979417327888,386.1866029162059,
15,SCHOOL AND OFFICE SUPPLIES,0.4235705950991832,0.8973805542400668,
15,SEAFOOD,5.230455075845974,4.874732662209616,
16,AUTOMOTIVE,5.7788798133022174,5.342288782126766,
16,BABY CARE,0.0927654609101517,0.40697914539398133,
16,BEAUTY,0.8780630105017503,1.2141628471410209,
16,BEVERAGES,1087.9696616102683,1093.100882287608,
16,BOOKS,0.0,0.3631595596269643,
16,CELEBRATION,3.614935822637106,3.249111310009209,
16,DAIRY,245.30455075845975,247.75324260149532,
16,GROCERY I,2562.5527222870483,2583.932601799912,
16,GROCERY II,5.943990665110852,5.870499928158269,
16,HARDWARE,0.5933488914819136,0.8236379618768327,
16,HOME AND KITCHEN I,12.607351225204201,12.034301254921427,
16,HOME AND KITCHEN II,7.776546091015169,7.3734173116196855,
16,HOME APPLIANCES,0.12368728121353559,0.44321849359262766,
16,HOME CARE,135.1178529754959,136.02012921802407,
16,LADIESWEAR,0.0,0.41206181770677275,
16,LAWN AND GARDEN,0.01575262543757293,0.4343456065948924,
16,LINGERIE,3.9101516919486583,3.9285765325349713,
16,MAGAZINES,0.5834305717619603,0.6616223782836566,
16,PET SUPPLIES,0.2707117852975496,0.551962726832345,
16,PLAYERS AND ELECTRONICS,1.9655775962660444,1.9208955293189067,
16,PRODUCE,373.6231525320887,376.2735526133283,
16,SCHOOL AND OFFICE SUPPLIES,1.456242707117853,2.1090782578346037,
16,SEAFOOD,2.764294049008168,3.1660927465767874,
17,AUTOMOTIVE,6.133022170361727,5.754057927056103,
17,BABY CARE,0.15869311551925322,0.45093000891111984,
17,BEAUTY,1.8506417736289382,2.0001872281308493,
17,BEVERAGES,2411.9743290548427,2425.5599132586754,
17,BOOKS,0.0,0.3631595596269643,
17,CELEBRATION,4.67561260210035,4.225814763737548,
17,DAIRY,547.284130688448,553.7575832306203,
17,DELI,425.47257876312716,428.8118722326023,
17,GROCERY I,3844.669605600933,3861.1532653555323,
17,GROCERY II,8.25554259043174,8.129862218919605,
17,HARDWARE,0.73512252042007,0.929983520103138,
17,HOME AND KITCHEN I,16.99416569428238,16.468888469557584,
17,HOME AND KITCHEN II,15.721120186697783,15.119226262291201,
17,HOME APPLIANCES,0.17736289381563594,0.5032866431488042,
17,HOME CARE,190.81621936989498,192.54281791347614,
17,LADIESWEAR,1.897899649941657,1.982488350433927,
17,LAWN AND GARDEN,0.12252042007001167,0.559522260133806,
17,LINGERIE,5.302217036172696,5.014159201609621,
17,MAGAZINES,1.280046674445741,1.144341679724844,
17,PET SUPPLIES,1.0157526254375728,1.0935060906916672,
17,PLAYERS AND ELECTRONICS,5.192532088681447,4.753041831277437,
17,PRODUCE,753.6350605017503,752.7087393373878,
17,SCHOOL AND OFFICE SUPPLIES,0.5723453908984831,0.9754927204519888,
17,SEAFOOD,11.127457409568262,10.549671970793323,
18,AUTOMOTIVE,3.806884480746791,3.785651873723841,
18,BABY CARE,0.09743290548424738,0.40523961674150966,
18,BEAUTY,2.0070011668611434,2.2973844068238596,
18,BEVERAGES,1650.6814469078179,1657.1371327502054,
18,BOOKS,0.0,0.3631595596269643,
18,BREAD/BAKERY,658.7431067677946,656.4095883325091,
18,CELEBRATION,4.676196032672112,4.346190002801545,
18,CLEANING,604.208284714119,608.8046328954123,
18,DAIRY,474.4340723453909,478.87169556322016,
18,DELI,205.49198457759627,208.19593562586596,
18,EGGS,161.57292882147024,164.44629321522174,
18,FROZEN FOODS,57.69342877187865,59.15754820358132,
18,GROCERY I,2467.257984247374,2478.4979449001803,
18,GROCERY II,16.609101516919488,16.064616271017375,
18,HARDWARE,0.9364060676779463,1.1876367284970728,
18,HOME AND KITCHEN I,14.375729288214702,14.495723343119652,
18,HOME AND KITCHEN II,8.467911318553092,8.10446808119789,
18,HOME APPLIANCES,0.17269544924154026,0.4932734283546821,
18,HOME CARE,109.79696616102684,111.44358262557799,
18,LADIESWEAR,6.340723453908985,5.94830765726214,
18,LAWN AND GARDEN,1.4177362893815635,1.48396652261667,
18,LINGERIE,4.346557759626604,4.347398784838084,
18,"LIQUOR,WINE,BEER",57.380396732788796,54.12345308455227,
18,MAGAZINES,1.1826137689614935,1.0866696189794267,
18,MEATS,98.83916032963828,99.98336458389684,
18,PERSONAL CARE,153.30455075845975,155.95771038586824,
18,PET SUPPLIES,1.85414235705951,1.8927890620990235,
18,PLAYERS AND ELECTRONICS,4.341890315052509,3.9929339105321993,
18,POULTRY,194.722633869895,194.67856988957848,
18,PREPARED FOODS,49.98197725554259,49.05851627246001,
18,PRODUCE,880.5816041073513,900.012953799497,
18,SCHOOL AND OFFICE SUPPLIES,1.9177362893815635,2.272717205074837,
18,SEAFOOD,9.384430978471412,9.178241335544742,
19,AUTOMOTIVE,6.5478413068844805,6.0157641530086305,
19,BABY CARE,0.11960326721120186,0.4192368089239124,
19,BEAUTY,1.6114352392065345,1.9340305865618068,
19,BEVERAGES,1962.8512252042008,1928.5686980944438,
19,BOOKS,0.0,0.3631595596269643,
19,CELEBRATION,5.274212368728121,4.791284141965584,
19,GROCERY I,3025.872007001167,2987.3592174759306,
19,GROCERY II,9.921820303383898,9.562854296282929,
19,HARDWARE,1.2887981330221703,1.4652354460015184,
19,HOME AND KITCHEN I,14.234539089848308,13.740049734733768,
19,HOME AND KITCHEN II,8.549591598599767,8.103895341198925,
19,HOME APPLIANCES,0.16102683780630106,0.46751032353306915,
19,HOME CARE,125.84130688448074,126.01597013606492,
19,LADIESWEAR,5.3162193698949824,4.8741580137377705,
19,LAWN AND GARDEN,0.01575262543757293,0.42355737592611975,
19,LINGERIE,4.399649941656943,4.240397924806651,
19,MAGAZINES,1.0338389731621938,0.9743121323442169,
19,PERSONAL CARE,187.39031505250875,188.18667637219158,
19,PET SUPPLIES,0.574095682613769,0.763443441671037,
19,PLAYERS AND ELECTRONICS,2.983080513418903,2.654109264597924,
19,PRODUCE,266.8079227887981,263.01076512849664,
19,SCHOOL AND OFFICE SUPPLIES,0.5180863477246208,0.9973995477559037,
19,SEAFOOD,4.3366394399066515,4.172002261105575,
20,AUTOMOTIVE,4.528588098016336,4.0387801643509,
20,BABY CARE,0.3121353558926488,0.5426804164711795,
20,BEAUTY,2.866394399066511,3.0309419550461922,
20,BEVERAGES,1668.3885647607935,1690.7990557072935,
20,BOOKS,0.0,0.3631595596269643,
20,BREAD/BAKERY,258.47107701283545,264.9726703289849,
20,CELEBRATION,4.042590431738623,3.5880166587489155,
20,CLEANING,706.7339556592765,725.0095326411238,
20,DAIRY,412.61318553092184,425.39398595289856,
20,DELI,328.5946686172695,333.953728455901,
20,EGGS,67.30221703617269,70.85079580471127,
20,FROZEN FOODS,61.639398497082844,63.48353443100782,
20,GROCERY I,2920.9160414235703,2887.7908518716417,
20,GROCERY II,7.1452742123687285,7.994593643688941,
20,HARDWARE,0.4294049008168028,0.6782730314238349,
20,HOME AND KITCHEN I,15.189031505250876,15.246688146994483,
20,HOME AND KITCHEN II,8.495915985997666,8.278917614102527,
20,HOME APPLIANCES,0.09918319719953325,0.4615062039136383,
20,HOME CARE,164.5431738623104,167.95977672348204,
20,LADIESWEAR,4.208868144690782,3.9135387591494957,
20,LAWN AND GARDEN,3.077012835472579,2.8260941874992103,
20,LINGERIE,1.8920653442240374,1.8174822955628984,
20,"LIQUOR,WINE,BEER",23.585180863477245,22.6102879775011,
20,MAGAZINES,0.6458576429404901,0.7400296203201104,
20,MEATS,161.58421548774794,162.88088400208775,
20,PERSONAL CARE,212.20011668611434,221.60742911234152,
20,PET SUPPLIES,1.4929988331388564,1.4737868571789863,
20,PLAYERS AND ELECTRONICS,2.7817969661610267,2.4478627105700177,
20,POULTRY,203.74102163710617,204.72132566923892,
20,PREPARED FOODS,44.54477309043174,44.312892779788946,
20,PRODUCE,504.67401482497087,514.7774357176643,
20,SCHOOL AND OFFICE SUPPLIES,3.016336056009335,3.269179149623129,
20,SEAFOOD,6.9585694218786465,6.976780034723692,
21,AUTOMOTIVE,4.690198366394399,4.334759389137678,
21,BABY CARE,0.2928821470245041,0.5210914312443793,
21,BEAUTY,2.191948658109685,2.2872294789625642,
21,BEVERAGES,1177.007584597433,1189.18869901295,
21,BOOKS,0.0,0.3439349416671875,
21,BREAD/BAKERY,220.2117852975496,226.61815475062076,
21,CELEBRATION,3.401400233372229,2.9917214611638134,
21,CLEANING,575.0466744457409,588.2567805438614,
21,DAIRY,252.80805134189032,257.3102237240781,
21,DELI,145.5296505075846,148.92194979012655,
21,EGGS,98.62835472578763,101.83754836918266,
21,FROZEN FOODS,45.51829925262544,46.535523589977224,
21,GROCERY I,1897.7547339556593,1919.3039539998892,
21,GROCERY II,6.163943990665111,6.919036262830465,
21,HARDWARE,0.4194865810968495,0.6570235379821378,
21,HOME AND KITCHEN I,15.798716452742124,16.03964653311817,
21,HOME AND KITCHEN II,13.509918319719953,13.497929381199434,
21,HOME APPLIANCES,0.1441073512252042,0.46442792348908624,
21,HOME CARE,144.91598599766627,148.40005970911432,
21,LADIESWEAR,2.435822637106184,2.1277871209428625,
21,LAWN AND GARDEN,1.1207701283547258,1.1942954565219206,
21,LINGERIE,4.175029171528588,3.772024902098721,
21,"LIQUOR,WINE,BEER",30.760210035005834,29.53314135886513,
21,MAGAZINES,0.970828471411902,0.9097348669699554,
21,MEATS,50.387051385064176,50.7979514209451,
21,PERSONAL CARE,146.99183197199534,151.99238698809992,
21,PET SUPPLIES,0.8588098016336057,0.9574264450422675,
21,PLAYERS AND ELECTRONICS,3.61610268378063,3.156772695739125,
21,POULTRY,78.20128356651108,78.61635219921227,
21,PREPARED FOODS,46.727397913652275,45.423110293106895,
21,PRODUCE,572.2077994165694,578.1398446408017,
21,SCHOOL AND OFFICE SUPPLIES,2.161026837806301,2.58880880742764,
21,SEAFOOD,2.603267211201867,2.452370961165291,
22,AUTOMOTIVE,2.20828471411902,1.8867977054660583,
22,BABY CARE,0.11785297549591599,0.4040229570880293,
22,BEAUTY,0.6306884480746792,0.8308207612116355,
22,BEVERAGES,514.573512252042,515.1821843744699,
22,BOOKS,0.0,0.3439349416671875,
22,BREAD/BAKERY,54.28471411901984,55.8456650920591,
22,CELEBRATION,3.635355892648775,3.233529996299035,
22,CLEANING,249.0799299883314,251.62402081922858,
22,DAIRY,121.99883313885648,124.40244257861958,
22,DELI,65.46907817969661,66.32671568395625,
22,EGGS,21.158693115519252,21.966971002566428,
22,FROZEN FOODS,30.328687876896147,30.901645131276346,
22,GROCERY I,941.1246295215869,944.1180726068718,
22,GROCERY II,2.342473745624271,1.8839053914607755,
22,HARDWARE,0.4159859976662777,0.6472714417083736,
22,HOME AND KITCHEN I,16.052508751458575,15.753627105371134,
22,HOME AND KITCHEN II,7.593348891481914,7.013570254227422,
22,HOME APPLIANCES,0.1371061843640607,0.4692931157691164,
22,HOME CARE,63.441656942823805,63.881654899014684,
22,LADIESWEAR,0.21120186697782964,0.5289495839914367,
22,LAWN AND GARDEN,0.007001166861143524,0.39740024626928927,
22,LINGERIE,2.882147024504084,2.554355839052227,
22,"LIQUOR,WINE,BEER",13.833722287047841,12.130841818366193,
22,MAGAZINES,1.148191365227538,1.029560694713085,
22,MEATS,42.19333141306884,41.78553533485719,
22,PERSONAL CARE,64.04317386231038,66.70928861336002,
22,PET SUPPLIES,0.3943990665110852,0.607468769246497,
22,PLAYERS AND ELECTRONICS,2.249124854142357,1.9453647404473822,
22,POULTRY,49.78742876079347,48.607613074516685,
22,PREPARED FOODS,18.204200700116687,17.52789561894411,
22,PRODUCE,160.42991998249707,158.77825330838323,
22,SCHOOL AND OFFICE SUPPLIES,0.24504084014002334,0.6830028636751946,
22,SEAFOOD,0.8570595099183197,1.0133005484620379,
23,AUTOMOTIVE,2.295215869311552,2.457822421339846,
23,BABY CARE,0.0,0.3439349416671875,
23,BEAUTY,1.5157526254375728,1.5920785385159795,
23,BEVERAGES,1176.931155192532,1174.949445625127,
23,BOOKS,0.051341890315052506,0.3679112695052966,
23,BREAD/BAKERY,274.41875732205364,270.8533631349499,
23,CELEBRATION,8.801633605600934,8.193802422082106,
23,DAIRY,465.9422403733956,462.9249585106923,
23,FROZEN FOODS,102.40023109801633,100.00767731132241,
23,GROCERY I,1987.9539089848308,1978.6083755860566,
23,GROCERY II,24.310385064177364,22.544996854716537,
23,HARDWARE,0.13185530921820304,0.46134427742627643,
23,HOME AND KITCHEN I,6.7607934655775965,6.144127205083377,
23,HOME AND KITCHEN II,8.883313885647608,8.309696352149503,
23,HOME APPLIANCES,0.21236872812135357,0.47445599968876967,
23,HOME CARE,87.20303383897316,87.07173510981089,
23,LADIESWEAR,6.828471411901984,6.293235796964697,
23,LAWN AND GARDEN,0.9422403733955659,1.0980296946679728,
23,LINGERIE,4.584014002333722,4.393016512719589,
23,"LIQUOR,WINE,BEER",55.25670945157526,52.453999678458395,
23,MAGAZINES,2.1686114352392067,1.8077075403167906,
23,MEATS,654.3133538214702,643.713373038294,
23,PET SUPPLIES,1.7718786464410734,1.7027695277605028,
23,PLAYERS AND ELECTRONICS,2.518086347724621,2.333657983765323,
23,PRODUCE,793.574326662777,770.2267283547687,
23,SCHOOL AND OFFICE SUPPLIES,0.17152858809801633,0.4990720361400122,
23,SEAFOOD,15.584397899066511,14.754257538407371,
24,AUTOMOTIVE,3.2887981330221705,3.218368089118363,
24,BABY CARE,0.042590431738623105,0.36119094733996393,
24,BEAUTY,4.902567094515753,4.407828073287047,
24,BEVERAGES,2827.7637106184366,2795.8079020636615,
24,BOOKS,0.13360560093348892,0.4192023578944493,
24,BREAD/BAKERY,692.1069784130689,673.1081014122833,
24,CELEBRATION,10.771295215869312,9.872031587580588,
24,CLEANING,1109.8249708284714,1100.4073625008887,
24,DAIRY,1074.8255542590432,1058.6176682484079,
24,DELI,253.3005630513419,255.18924979041444,
24,EGGS,204.3249708284714,203.63724973837708,
24,FROZEN FOODS,214.62371758401403,209.8034883973993,
24,GROCERY I,3772.091015169195,3752.695299531653,
24,GROCERY II,25.656359393232204,24.47360734685733,
24,HARDWARE,1.1108518086347725,1.2822332115737143,
24,HOME AND KITCHEN I,15.33022170361727,14.622575195618554,
24,HOME AND KITCHEN II,28.096849474912485,27.151736144372684,
24,HOME APPLIANCES,0.34480746791131855,0.6145158216399809,
24,HOME CARE,172.22287047841306,170.17721952988757,
24,LADIESWEAR,8.475495915985997,7.807786844786023,
24,LAWN AND GARDEN,13.58343057176196,13.24949717923709,
24,LINGERIE,9.235705950991832,8.570520684314843,
24,"LIQUOR,WINE,BEER",99.96149358226371,95.6474151528025,
24,MAGAZINES,6.5665110851808635,5.91699321731221,
24,MEATS,387.2061944690782,390.37612996039485,
24,PERSONAL CARE,263.57176196032674,260.96492424094174,
24,PET SUPPLIES,8.944574095682613,8.115091955230632,
24,PLAYERS AND ELECTRONICS,7.2975495915985995,6.680517158962199,
24,POULTRY,487.01842602100345,485.0683858586426,
24,PREPARED FOODS,128.9295910320887,126.51110280089794,
24,PRODUCE,2271.200866627771,2279.87422533805,
24,SCHOOL AND OFFICE SUPPLIES,0.5647607934655776,0.8227054822970112,
24,SEAFOOD,35.417347556592766,34.932054779196314,
25,AUTOMOTIVE,2.0816802800466743,2.0274320918059976,
25,BABY CARE,0.01808634772462077,0.3478145166376366,
25,BEAUTY,2.3862310385064176,2.267656519275301,
25,BEVERAGES,1765.1522753792299,1742.0171771314642,
25,BOOKS,0.07584597432905485,0.3867139536947933,
25,BREAD/BAKERY,288.2395979439907,282.7218203756798,
25,CELEBRATION,4.460910151691949,4.032882691445595,
25,CLEANING,468.59101516919486,460.90283389672777,
25,DAIRY,469.51808634772465,460.8553969957262,
25,DELI,125.7931448109685,126.54377602614886,
25,EGGS,106.80455075845974,105.94432843686118,
25,FROZEN FOODS,172.09576778588098,167.82371071045182,
25,GROCERY I,1689.1872812135357,1676.103614951259,
25,GROCERY II,11.522170361726955,10.708432453491326,
25,HARDWARE,0.8418903150525088,0.9986932509168456,
25,HOME AND KITCHEN I,18.587514585764293,17.978138952539457,
25,HOME AND KITCHEN II,11.183780630105018,11.032601443957317,
25,HOME APPLIANCES,0.13127187864644108,0.4516096595076878,
25,HOME CARE,66.39439906651108,65.87549604842047,
25,LADIESWEAR,0.0,0.392837199746996,
25,LAWN AND GARDEN,10.23512252042007,9.961914043756218,
25,LINGERIE,8.54492415402567,8.035983663807482,
25,"LIQUOR,WINE,BEER",175.26429404900816,165.16439951153274,
25,MAGAZINES,3.394399066511085,2.9810282329117093,
25,MEATS,201.21514179813303,203.05594863236266,
25,PERSONAL CARE,106.31505250875146,105.98100799354168,
25,PET SUPPLIES,2.0834305717619603,2.0116947532479252,
25,PLAYERS AND ELECTRONICS,3.249124854142357,3.0322744865682703,
25,POULTRY,156.45843697257877,156.70722015259872,
25,PREPARED FOODS,51.66134307380397,50.403490722844026,
25,PRODUCE,872.3991168728121,850.5717429326005,
25,SCHOOL AND OFFICE SUPPLIES,0.3354725787631272,0.6230061177221536,
25,SEAFOOD,5.449772460910151,5.413467548958926,
26,AUTOMOTIVE,3.575262543757293,3.5158266976506094,
26,BABY CARE,0.057176196032672114,0.3772273431366721,
26,BEAUTY,0.9492415402567095,1.1284940839995599,
26,BEVERAGES,795.9789964994166,805.4684260197433,
26,BOOKS,0.008168028004667444,0.3458242220457787,
26,BREAD/BAKERY,225.59623628938158,225.37561122235667,
26,CELEBRATION,4.421236872812135,3.966020304567239,
26,CLEANING,441.5828471411902,443.51240268284334,
26,DAIRY,238.27829638273045,240.41713429290613,
26,FROZEN FOODS,80.72500008780631,82.79032582554039,
26,GROCERY I,1622.2934655775962,1646.6331852321443,
26,GROCERY II,4.5099183197199535,4.520795357179554,
26,HARDWARE,0.8033838973162194,0.9495217174770185,
26,HOME AND KITCHEN I,7.7409568261376895,7.6436544140826355,
26,HOME AND KITCHEN II,5.339556592765461,5.163794499828317,
26,HOME APPLIANCES,0.20303383897316218,0.48236172021111984,
26,HOME CARE,56.40256709451575,57.39777056213949,
26,LADIESWEAR,1.131271878646441,1.372092913033941,
26,LAWN AND GARDEN,1.6236872812135357,1.6604074671299833,
26,LINGERIE,3.9200700116686114,4.064102258068983,
26,"LIQUOR,WINE,BEER",33.658693115519256,32.526364459921766,
26,MAGAZINES,0.22753792298716452,0.39934498604697666,
26,PET SUPPLIES,0.8920653442240374,1.0149447537721477,
26,PLAYERS AND ELECTRONICS,1.175029171528588,1.3448593347293862,
26,PREPARED FOODS,18.274795799299884,17.102893850237855,
26,PRODUCE,335.470562462077,335.6084654997964,
26,SCHOOL AND OFFICE SUPPLIES,0.6161026837806302,0.9761189037388277,
26,SEAFOOD,3.3941554850058346,3.7663821239673427,
27,AUTOMOTIVE,4.8955659276546095,4.625877283260957,
27,BABY CARE,0.051925320886814466,0.3598037224066848,
27,BEAUTY,3.55950991831972,3.6624353424028926,
27,BEVERAGES,2415.556009334889,2442.101972183905,
27,BOOKS,0.058926487747957994,0.3724811932074621,
27,BREAD/BAKERY,600.839021429405,598.8895056211534,
27,CELEBRATION,9.989498249708285,9.392700786858693,
27,FROZEN FOODS,162.6713616872812,164.00005040322884,
27,GROCERY I,3192.6534422403734,3209.4157676151945,
27,HARDWARE,1.7567094515752626,1.780083582949997,
27,HOME AND KITCHEN I,11.962660443407234,11.841734995089682,
27,HOME AND KITCHEN II,14.206534422403735,13.942470235611859,
27,HOME APPLIANCES,0.33197199533255545,0.5604498963178041,
27,HOME CARE,135.26721120186698,136.4805489227874,
27,LADIESWEAR,4.536172695449242,4.10763246251137,
27,LAWN AND GARDEN,13.459743290548424,13.025903153238305,
27,LINGERIE,6.074679113185531,5.68022628459035,
27,"LIQUOR,WINE,BEER",157.5075845974329,147.93709851956658,
27,MAGAZINES,2.263710618436406,1.8939486970498913,
27,MEATS,267.6133547514586,273.87645376100664,
27,PET SUPPLIES,5.277712952158693,4.85857604006493,
27,PLAYERS AND ELECTRONICS,5.571761960326721,5.048498733282152,
27,PRODUCE,1653.019532555426,1660.6088919299846,
27,SCHOOL AND OFFICE SUPPLIES,0.6540256709451575,0.926681284196307,
27,SEAFOOD,23.766644396849475,23.55178515718887,
28,AUTOMOTIVE,7.177362893815636,6.637504329835459,
28,BABY CARE,0.025670945157526253,0.3572032137360689,
28,BEAUTY,1.9527421236872813,2.3269565605824623,
28,BEVERAGES,2255.8016336056007,2280.7938105430567,
28,BOOKS,0.0,0.3439349416671875,
28,BREAD/BAKERY,564.2403733955659,567.7732875985104,
28,CELEBRATION,7.542590431738623,7.009894316438187,
28,DAIRY,643.4136522753793,653.7569182177224,
28,EGGS,234.40665110851808,239.0880639206816,
28,FROZEN FOODS,97.40847316802801,98.70433395152057,
28,GROCERY I,3699.521506417736,3743.5763460766707,
28,GROCERY II,7.235705950991832,7.503463060769261,
28,HARDWARE,1.249708284714119,1.3691171284545653,
28,HOME AND KITCHEN I,22.548424737456244,22.52541047252736,
28,HOME AND KITCHEN II,10.968494749124854,10.49100734233813,
28,HOME APPLIANCES,0.5198366394399067,0.7148610627355017,
28,HOME CARE,170.36989498249707,172.8084091694247,
28,LADIESWEAR,0.0,0.392837199746996,
28,LAWN AND GARDEN,1.8319719953325555,1.8149206419688784,
28,LINGERIE,7.414819136522754,6.979967701857048,
28,"LIQUOR,WINE,BEER",117.80280046674446,114.27508386347601,
28,MAGAZINES,0.676779463243874,0.7073075147886878,
28,PET SUPPLIES,2.577012835472579,2.4094402117053053,
28,PLAYERS AND ELECTRONICS,3.2129521586931156,2.883056556553896,
28,POULTRY,229.72762599708284,230.07904856734834,
28,PRODUCE,952.0092034130689,981.5985582427855,
28,SCHOOL AND OFFICE SUPPLIES,3.778296382730455,4.3455048958011115,
28,SEAFOOD,6.443196849416569,6.360493866056889,
29,AUTOMOTIVE,3.320303383897316,2.837410727715295,
29,BABY CARE,0.22403733955659277,0.4809839488103664,
29,BEAUTY,1.5816802800466745,1.754797599094515,
29,BEVERAGES,1316.542007001167,1327.0487367262388,
29,BOOKS,0.0,0.3439349416671875,
29,BREAD/BAKERY,308.9527421236873,312.8263545052331,
29,CELEBRATION,4.97899649941657,4.4716824767259435,
29,CLEANING,498.59743290548425,507.5814830675873,
29,DAIRY,359.16452742123687,365.55937914975874,
29,DELI,147.20225555425904,149.26385627991036,
29,EGGS,100.79346557759627,103.82724776912534,
29,FROZEN FOODS,53.04400571586931,54.662143730477844,
29,GROCERY I,1854.0412409568262,1873.0064966258997,
29,GROCERY II,5.537922987164527,5.886922959107211,
29,HARDWARE,0.5840140023337222,0.7695237021382604,
29,HOME AND KITCHEN I,12.787631271878647,12.74723169685342,
29,HOME AND KITCHEN II,9.369311551925321,8.930329750164846,
29,HOME APPLIANCES,0.1441073512252042,0.47710956374965047,
29,HOME CARE,117.75787631271879,118.87039960052093,
29,LADIESWEAR,0.0,0.392837199746996,
29,LAWN AND GARDEN,1.0857642940490082,1.1880013455615477,
29,LINGERIE,2.544340723453909,2.287609769797253,
29,"LIQUOR,WINE,BEER",63.27479579929988,61.102508342808314,
29,MAGAZINES,0.691948658109685,0.7322034820967541,
29,MEATS,66.79916741423571,66.75183816282478,
29,PERSONAL CARE,142.56301050175028,146.95169650436205,
29,PET SUPPLIES,2.1709451575262544,1.9418650991192012,
29,PLAYERS AND ELECTRONICS,2.6557759626604436,2.3170055302267736,
29,POULTRY,105.18338624620769,103.86132350535934,
29,PREPARED FOODS,36.087754948074675,35.146391298026344,
29,PRODUCE,597.7863280046674,612.5962543759596,
29,SCHOOL AND OFFICE SUPPLIES,2.103850641773629,2.525248425149073,
29,SEAFOOD,3.5805134189031507,3.500043002196862,
30,AUTOMOTIVE,3.09218203033839,3.1353594832831875,
30,BABY CARE,0.06534422403733955,0.3684302497932054,
30,BEAUTY,0.5980163360560093,0.8437377836943682,
30,BEVERAGES,935.0775962660443,930.5890273077347,
30,BOOKS,0.0,0.3439349416671875,
30,BREAD/BAKERY,152.3803967327888,155.36438307107903,
30,CELEBRATION,2.4439906651108516,2.260819768348456,
30,CLEANING,480.5781796966161,479.1755040784772,
30,DAIRY,223.35705950991832,225.3801740157397,
30,DELI,104.93232205367562,105.62842828411029,
30,EGGS,119.05542590431739,119.04156663526199,
30,FROZEN FOODS,58.69173864585765,61.283509507187844,
30,GROCERY I,1559.563708284714,1556.6808444476007,
30,GROCERY II,3.5239206534422403,3.546224710224591,
30,HARDWARE,0.9439906651108518,1.19534835498664,
30,HOME AND KITCHEN I,9.302800466744458,8.887458602966076,
30,HOME AND KITCHEN II,4.6487747957993,4.204341567313757,
30,HOME APPLIANCES,0.2952158693115519,0.5613015641050334,
30,HOME CARE,76.14702450408402,76.03267797165034,
30,LADIESWEAR,0.3943990665110852,0.6259853181101179,
30,LAWN AND GARDEN,0.0,0.392837199746996,
30,LINGERIE,4.036756126021004,3.9679991571596807,
30,"LIQUOR,WINE,BEER",54.86756126021003,52.98764501018413,
30,MAGAZINES,0.35355892648774795,0.478190746807022,
30,MEATS,57.755118904317385,57.83291134515081,
30,PERSONAL CARE,103.38389731621938,104.01431521117449,
30,PET SUPPLIES,0.8401400233372228,0.9420342043297077,
30,PLAYERS AND ELECTRONICS,2.44049008168028,2.2422689200259582,
30,POULTRY,98.94356752333724,98.78613171046275,
30,PREPARED FOODS,22.79463243873979,21.369069309805248,
30,PRODUCE,313.05523301400234,317.75633167678933,
30,SCHOOL AND OFFICE SUPPLIES,0.8395565927654609,1.4587012894036582,
30,SEAFOOD,3.5560093348891484,3.537337160122073,
31,AUTOMOTIVE,7.556009334889148,6.9657410120191,
31,BABY CARE,0.5420070011668612,0.6654531019338894,
31,BEAUTY,2.6091015169194867,2.689778173827179,
31,BEVERAGES,1817.25495915986,1815.679421625663,
31,BOOKS,0.0,0.3439349416671875,
31,CELEBRATION,5.282963827304551,4.819480578847959,
31,EGGS,236.8453908984831,239.7947053492467,
31,FROZEN FOODS,111.59871110210035,106.92707406781412,
31,GROCERY I,3939.5870822637103,3963.613883162274,
31,GROCERY II,9.385064177362894,9.003159039239394,
31,HARDWARE,0.7164527421236873,0.9313599570608445,
31,HOME AND KITCHEN I,14.205950991831973,13.860532480098563,
31,HOME AND KITCHEN II,12.58051341890315,11.825090464477789,
31,HOME APPLIANCES,0.3990665110851809,0.6333341185780428,
31,HOME CARE,187.50875145857643,189.85971234570204,
31,LADIESWEAR,1.438739789964994,1.5670302395758826,
31,LAWN AND GARDEN,1.1966161026837807,1.3114362886840396,
31,LINGERIE,12.073512252042008,11.294836381073175,
31,"LIQUOR,WINE,BEER",30.424737456242706,28.418169473122,
31,MAGAZINES,0.6581096849474912,0.7234154370690217,
31,PERSONAL CARE,295.7007001166861,299.55971300045826,
31,PET SUPPLIES,1.4976662777129521,1.4881314685200822,
31,PLAYERS AND ELECTRONICS,4.7030338389731625,4.186352504892347,
31,PRODUCE,810.1792490140023,819.9294801152296,
31,SCHOOL AND OFFICE SUPPLIES,2.6417736289381564,3.081256250836719,
31,SEAFOOD,5.302800466744458,5.0293732445066395,
32,AUTOMOTIVE,1.839556592765461,2.006470928691133,
32,BABY CARE,0.044340723453908985,0.36326999365604035,
32,BEAUTY,0.2631271878646441,0.5233856508398956,
32,BEVERAGES,602.294049008168,600.6544104146639,
32,BOOKS,0.0,0.3439349416671875,
32,CELEBRATION,2.2462077012835473,2.1343698938969577,
32,GROCERY I,1472.7856487747958,1477.2557403746343,
32,GROCERY II,1.7555425904317385,1.9856973292385982,
32,HARDWARE,0.48891481913652274,0.7039499043831052,
32,HOME AND KITCHEN I,7.140606767794632,6.83304025551725,
32,HOME AND KITCHEN II,2.3623103850641773,2.268372120771963,
32,HOME APPLIANCES,0.17269544924154026,0.4687207384334887,
32,HOME CARE,61.07759626604434,61.60573582537694,
32,LADIESWEAR,0.0,0.392837199746996,
32,LAWN AND GARDEN,0.005250875145857643,0.3961950961992053,
32,LINGERIE,2.307467911318553,2.644387408722047,
32,"LIQUOR,WINE,BEER",75.44399066511085,73.86603646585499,
32,MAGAZINES,0.09976662777129522,0.31854085785276537,
32,PET SUPPLIES,0.1277712952158693,0.44139613520756704,
32,PLAYERS AND ELECTRONICS,0.8022170361726955,0.9798500340502775,
32,PREPARED FOODS,11.502333722287048,10.908741790502374,
32,PRODUCE,118.14296674095682,120.87444924167305,
32,SCHOOL AND OFFICE SUPPLIES,0.8611435239206534,1.392227073261375,
32,SEAFOOD,1.3704784130688448,1.6388312228022957,
33,AUTOMOTIVE,7.712368728121354,7.139864952564326,
33,BABY CARE,0.14935822637106183,0.42218669633676104,
33,BEAUTY,1.104434072345391,1.2978739816309601,
33,BEVERAGES,1360.987747957993,1360.5421835495724,
33,BOOKS,0.0,0.3439349416671875,
33,CELEBRATION,5.028004667444574,4.618295672220395,
33,CLEANING,1066.3943990665111,1071.545735581527,
33,DAIRY,385.5186697782964,390.3782087133494,
33,DELI,198.42765460910152,200.05318837020093,
33,FROZEN FOODS,77.93430797957993,76.58414838237375,
33,GROCERY I,3074.321164527421,3087.9339636095333,
33,GROCERY II,3.105600933488915,3.2262494445480714,
33,HARDWARE,0.7392065344224037,1.03099386420621,
33,HOME AND KITCHEN I,29.694865810968494,29.222753772216908,
33,HOME AND KITCHEN II,11.586931155192532,10.827709517390073,
33,HOME APPLIANCES,0.17444574095682613,0.453082286371288,
33,HOME CARE,146.03792298716454,147.6584492878607,
33,LADIESWEAR,0.0,0.392837199746996,
33,LAWN AND GARDEN,0.037922987164527425,0.4496922451605872,
33,LINGERIE,12.556009334889149,11.7399333704378,
33,MAGAZINES,0.925904317386231,0.8964548559210206,
33,MEATS,252.05672061901984,252.64756502753664,
33,PET SUPPLIES,0.6750291715285881,0.7832370657266052,
33,PLAYERS AND ELECTRONICS,3.0793465577596266,2.7945901850425274,
33,PRODUCE,804.0617145507584,799.0250614026239,
33,SCHOOL AND OFFICE SUPPLIES,1.1499416569428238,1.7110143272394018,
33,SEAFOOD,1.6201866977829638,2.0478399056407244,
34,AUTOMOTIVE,3.3302217036172697,3.28934415621981,
34,BABY CARE,0.18611435239206534,0.4310118867276431,
34,BEAUTY,2.7444574095682612,2.6435647944311453,
34,BEVERAGES,2249.1213535589263,2229.844754680129,
34,BOOKS,0.0,0.3439349416671875,
34,BREAD/BAKERY,683.6330221703618,676.8085930574866,
34,CELEBRATION,6.981913652275379,6.431386361787772,
34,DAIRY,571.0379229871645,571.2916846529585,
34,DELI,251.08465189614935,250.34555260791555,
34,FROZEN FOODS,130.99921814819135,128.2633480160499,
34,GROCERY I,3800.270677362894,3776.630017488985,
34,GROCERY II,5.834305717619603,5.159186142076528,
34,HARDWARE,1.822637106184364,1.988864951452923,
34,HOME AND KITCHEN I,24.564177362893815,24.04561895045435,
34,HOME AND KITCHEN II,22.397316219369895,21.226054349107393,
34,HOME APPLIANCES,0.6534422403733956,0.8871684907723987,
34,HOME CARE,151.70186697782964,151.788566679313,
34,LADIESWEAR,3.4784130688448074,3.137242751683918,
34,LAWN AND GARDEN,2.028004667444574,1.9937137124225317,
34,LINGERIE,10.245624270711785,9.506576751305541,
34,MAGAZINES,1.0834305717619603,0.9711037769440545,
34,PET SUPPLIES,1.586931155192532,1.5996850661416455,
34,PLAYERS AND ELECTRONICS,3.767211201866978,3.341521702691559,
34,POULTRY,140.36390936114353,139.9223767874603,
34,PRODUCE,468.07870612602096,468.84021783367825,
34,SCHOOL AND OFFICE SUPPLIES,4.792298716452742,4.740868730511254,
34,SEAFOOD,3.1394399066511087,3.2140094779078745,
35,AUTOMOTIVE,4.414235705950992,4.229012930746489,
35,BABY CARE,0.052508751458576426,0.37015684110047214,
35,BEAUTY,0.26662777129521587,0.5139026556124923,
35,BEVERAGES,1119.4743290548424,1118.8503885256812,
35,BOOKS,0.0,0.3439349416671875,
35,CELEBRATION,1.5740956826137689,1.6337829684444258,
35,CLEANING,474.865227537923,478.12284234817486,
35,FROZEN FOODS,53.88744459859977,53.373150817441044,
35,GROCERY I,1735.863943990665,1770.1223464072643,
35,GROCERY II,2.9964994165694283,2.7668109094189206,
35,HARDWARE,0.6435239206534422,0.8802332554668296,
35,HOME AND KITCHEN I,7.142357059509918,6.650811962548426,
35,HOME AND KITCHEN II,5.8366394399066515,5.208638631520473,
35,HOME APPLIANCES,0.2001166861143524,0.4710085783703959,
35,HOME CARE,65.21936989498249,66.29455294142298,
35,LADIESWEAR,0.0,0.392837199746996,
35,LAWN AND GARDEN,0.051341890315052506,0.4480501801294604,
35,LINGERIE,1.500583430571762,1.9082239430556724,
35,"LIQUOR,WINE,BEER",45.05892648774796,43.996005867255455,
35,MAGAZINES,0.2812135355892649,0.4388980524076607,
35,PET SUPPLIES,0.26837806301050177,0.5394342972387833,
35,PLAYERS AND ELECTRONICS,0.7042007001166861,0.9141918704444423,
35,PREPARED FOODS,17.43173862310385,16.215969279995058,
35,PRODUCE,218.79896555425904,223.73303160593048,
35,SCHOOL AND OFFICE SUPPLIES,0.8028004667444574,1.2374300812599959,
35,SEAFOOD,0.558343057176196,0.8560889418982095,
36,AUTOMOTIVE,3.704200700116686,3.3800429088593233,
36,BABY CARE,0.039089848308051345,0.3586821482525913,
36,BEAUTY,1.3442240373395566,1.3166011328434584,
36,BEVERAGES,1969.6528588098017,1960.3606897521868,
36,BOOKS,0.0,0.3439349416671875,
36,BREAD/BAKERY,457.1406067677946,454.25899940954247,
36,CELEBRATION,4.813302217036172,4.324516895114576,
36,CLEANING,815.6936989498249,809.7625592168642,
36,DAIRY,494.91540256709453,493.510035938432,
36,DELI,196.8783325822637,196.84816324847603,
36,EGGS,110.1808634772462,111.88202196129855,
36,FROZEN FOODS,99.51873214702451,99.47188337109387,
36,GROCERY I,3206.8666120186695,3192.006534637404,
36,GROCERY II,5.8739789964994165,5.168217987638239,
36,HARDWARE,0.4871645274212369,0.7148469539698605,
36,HOME AND KITCHEN I,20.247957992998835,19.3835115745039,
36,HOME AND KITCHEN II,10.733372228704784,9.926059381186148,
36,HOME APPLIANCES,0.18494749124854143,0.47441571430108065,
36,HOME CARE,141.8803967327888,141.65465105292745,
36,LADIESWEAR,0.05425904317386231,0.4388009935489581,
36,LAWN AND GARDEN,8.057759626604435,7.479352734059454,
36,LINGERIE,2.9661610268378062,2.985638365821278,
36,"LIQUOR,WINE,BEER",120.03617269544924,112.29932934863085,
36,MAGAZINES,0.5933488914819136,0.6320701895515366,
36,MEATS,189.80359400816803,188.21968840915062,
36,PERSONAL CARE,221.76371061843642,222.3308498331248,
36,PET SUPPLIES,1.1289381563593932,1.1587030639584506,
36,PLAYERS AND ELECTRONICS,3.071178529754959,2.721751169784829,
36,POULTRY,113.60034604492415,114.49395708212678,
36,PREPARED FOODS,49.249287063593925,47.525539210477326,
36,PRODUCE,875.6227923512253,887.8243750425971,
36,SCHOOL AND OFFICE SUPPLIES,5.036172695449242,5.463175755435078,
36,SEAFOOD,0.9307230455075846,1.1533723178915007,
37,AUTOMOTIVE,4.044340723453909,3.8599033814433503,
37,BABY CARE,0.023337222870478413,0.35735997457653634,
37,BEAUTY,4.326137689614936,4.040645176754139,
37,BEVERAGES,2092.799883313886,2067.993449251071,
37,BOOKS,0.1499416569428238,0.44206397135304276,
37,CELEBRATION,7.655775962660443,7.065622794551096,
37,FROZEN FOODS,196.70548734889147,193.99160520931272,
37,GROCERY I,3647.0618436406066,3604.7378360335297,
37,HARDWARE,1.924154025670945,2.1689660793132197,
37,HOME AND KITCHEN I,21.16627771295216,20.24775301796804,
37,HOME AND KITCHEN II,15.203617269544925,14.349690453346211,
37,HOME APPLIANCES,0.33022170361726955,0.553694460905549,
37,HOME CARE,157.1796966161027,156.109984623611,
37,LADIESWEAR,16.28179696616103,15.247247264869932,
37,LAWN AND GARDEN,12.70828471411902,12.02735615117795,
37,LINGERIE,6.464994165694282,6.156164230852957,
37,"LIQUOR,WINE,BEER",107.97141190198366,103.072559372457,
37,MAGAZINES,4.7602100350058345,4.225128618569932,
37,PERSONAL CARE,255.3483080513419,253.89702283106064,
37,PET SUPPLIES,6.41073512252042,5.818522239666097,
37,PLAYERS AND ELECTRONICS,6.352392065344224,5.834901423637459,
37,PREPARED FOODS,131.92452568436406,130.03521960147222,
37,PRODUCE,1831.622853033839,1828.7918758699388,
37,SCHOOL AND OFFICE SUPPLIES,0.2952158693115519,0.5516929185012104,
37,SEAFOOD,19.883335817619606,18.728505649501773,
38,AUTOMOTIVE,6.507584597432905,5.88426529996067,
38,BABY CARE,0.012835472578763127,0.3493224133952296,
38,BEAUTY,5.09218203033839,4.67872595701303,
38,BEVERAGES,1829.5927654609102,1844.7512123745119,
38,BOOKS,0.09626604434072346,0.4005224202958238,
38,BREAD/BAKERY,533.9534113185531,528.8769890599684,
38,CELEBRATION,9.271878646441074,8.585203768867956,
38,CLEANING,1071.7071178529754,1072.7945751997206,
38,DAIRY,816.0770128354726,812.8913407449586,
38,EGGS,120.48133022170362,120.80604227408321,
38,FROZEN FOODS,213.80824593407235,212.110740869094,
38,GROCERY I,3769.05135705951,3812.847533689592,
38,HARDWARE,1.7316219369894983,2.013039773142467,
38,HOME AND KITCHEN I,22.844224037339558,21.922138667494355,
38,HOME AND KITCHEN II,17.567677946324388,16.812054578002705,
38,HOME APPLIANCES,0.14002333722287047,0.4565713850204663,
38,HOME CARE,205.2992998833139,204.98935078005158,
38,LADIESWEAR,17.532088681446908,16.948980536663676,
38,LAWN AND GARDEN,8.561260210035005,8.112664530118698,
38,LINGERIE,13.938739789964995,13.030714765687966,
38,MAGAZINES,5.0950991831972,4.581643280854039,
38,PERSONAL CARE,359.16802800466746,359.6748404088753,
38,PET SUPPLIES,3.8914819136522754,3.364932117603852,
38,PLAYERS AND ELECTRONICS,5.984830805134189,5.428211226995498,
38,PRODUCE,1433.6033942823806,1448.789260255934,
38,SCHOOL AND OFFICE SUPPLIES,0.352392065344224,0.5936301248665123,
39,AUTOMOTIVE,8.869894982497083,8.278783340665788,
39,BABY CARE,0.26487747957992996,0.4883417032374558,
39,BEAUTY,3.837806301050175,3.707513593540525,
39,BEVERAGES,2279.7747957992997,2288.355058669911,
39,BOOKS,0.0,0.3439349416671875,
39,BREAD/BAKERY,722.3127187864644,722.652717016332,
39,CELEBRATION,6.736289381563594,6.179183437139493,
39,GROCERY I,4286.223943407234,4307.8874241919175,
39,HARDWARE,1.840140023337223,2.0777582315296805,
39,HOME AND KITCHEN I,22.523337222870477,21.854057565830118,
39,HOME AND KITCHEN II,13.57117852975496,12.476567214297104,
39,HOME APPLIANCES,0.41540256709451573,0.6258757525807559,
39,HOME CARE,204.31271878646442,204.87062926099395,
39,LADIESWEAR,4.627187864644108,4.185258988737419,
39,LAWN AND GARDEN,7.769544924154026,7.268244850306894,
39,LINGERIE,6.914819136522754,6.369591238629832,
39,MAGAZINES,1.941656942823804,1.6027369570527754,
39,PET SUPPLIES,2.7281213535589264,2.484984165403944,
39,PLAYERS AND ELECTRONICS,5.447491248541423,4.8978019962528965,
39,POULTRY,205.97466437689616,205.3916849273409,
39,PRODUCE,1067.2907317794632,1085.7909498511988,
39,SCHOOL AND OFFICE SUPPLIES,1.8436406067677946,2.078478849110581,
39,SEAFOOD,11.30977992882147,10.69760279134729,
40,AUTOMOTIVE,3.8459743290548425,3.6726074645767666,
40,BABY CARE,0.29929988331388563,0.5530237795988695,
40,BEAUTY,1.2012835472578762,1.3971391115879945,
40,BEVERAGES,2314.980746791132,2282.3254790048995,
40,BOOKS,0.0,0.3439349416671875,
40,CELEBRATION,5.598599766627771,5.163963112111349,
40,CLEANING,1379.3932322053677,1368.786689409787,
40,DAIRY,467.21528588098016,466.4589836386824,
40,FROZEN FOODS,73.03264995507584,72.18659941686639,
40,GROCERY I,4323.818359393232,4284.794373439096,
40,GROCERY II,8.858226371061845,7.848413831142217,
40,HARDWARE,1.0647607934655776,1.2431776706037725,
40,HOME AND KITCHEN I,21.29171528588098,20.54719885852878,
40,HOME AND KITCHEN II,15.843057176196032,14.778608253483585,
40,HOME APPLIANCES,0.21586931155192532,0.48802412047886007,
40,HOME CARE,212.11551925320887,211.4407140434377,
40,LADIESWEAR,0.0,0.392837199746996,
40,LAWN AND GARDEN,0.13768961493582263,0.4717967291477242,
40,LINGERIE,8.057759626604435,7.48367857488276,
40,"LIQUOR,WINE,BEER",69.89439906651108,67.60157739115425,
40,MAGAZINES,0.9480746791131855,0.8922430219938531,
40,MEATS,112.10300859393233,111.98547288799867,
40,PET SUPPLIES,1.1400233372228705,1.1593887127114126,
40,PLAYERS AND ELECTRONICS,4.17269544924154,3.6998174869552294,
40,PRODUCE,674.1625801341889,670.0662433039912,
40,SCHOOL AND OFFICE SUPPLIES,2.08634772462077,2.608441229457058,
40,SEAFOOD,3.1091015169194867,3.0773603175465647,
41,AUTOMOTIVE,4.828471411901984,4.522836768893489,
41,BABY CARE,0.028588098016336057,0.35900815485447785,
41,BEAUTY,4.353558926487748,4.263089856871815,
41,BEVERAGES,1530.1091015169195,1536.6584905695581,
41,BOOKS,0.029754959159859977,0.35805136628221784,
41,BREAD/BAKERY,418.09659092765463,416.65701308685647,
41,CELEBRATION,7.32438739789965,6.852820175482319,
41,CLEANING,868.1260210035006,872.2771280297071,
41,FROZEN FOODS,185.0330383284714,181.37235124058472,
41,GROCERY I,2916.7823803967326,2922.782018245001,
41,HARDWARE,0.7712952158693116,0.8914280765883916,
41,HOME AND KITCHEN I,17.003500583430572,16.68035554737514,
41,HOME AND KITCHEN II,19.438739789964995,19.091877924213705,
41,HOME APPLIANCES,0.31330221703617267,0.6025103995815543,
41,HOME CARE,144.01925320886815,145.49827109491122,
41,LADIESWEAR,8.142357059509918,7.60034544802361,
41,LAWN AND GARDEN,9.658693115519252,9.225628610919356,
41,LINGERIE,8.815052508751458,8.2433648534137,
41,MAGAZINES,5.614935822637106,5.062112084873837,
41,PET SUPPLIES,4.6056009334889145,4.165385900446797,
41,PLAYERS AND ELECTRONICS,4.6487747957993,4.1364096383933395,
41,PRODUCE,1164.9741515752626,1157.4358191752558,
41,SCHOOL AND OFFICE SUPPLIES,0.5781796966161027,0.8876759630642487,
41,SEAFOOD,7.811827712193699,7.611947466644567,
42,AUTOMOTIVE,1.6901983663943991,1.48226991840234,
42,BABY CARE,0.014002333722287048,0.35071076023048353,
42,BEAUTY,2.383313885647608,2.1799338437850357,
42,BEVERAGES,1117.899649941657,1124.96950189381,
42,BOOKS,0.17736289381563594,0.45234459636884633,
42,BREAD/BAKERY,227.90496322637108,227.76626528409537,
42,CELEBRATION,5.2024504084014005,4.77469763989326,
42,CLEANING,363.5507584597433,367.52635911482895,
42,DAIRY,372.6534422403734,373.654351422763,
42,DELI,68.50888623920653,69.67316567580924,
42,EGGS,57.00583430571762,57.25885329479884,
42,FROZEN FOODS,72.37936408634772,71.4703831059596,
42,GROCERY I,1399.0467759626606,1416.489455369311,
42,GROCERY II,12.359976662777129,11.529805150113381,
42,HARDWARE,0.48833138856476077,0.6920242797933683,
42,HOME AND KITCHEN I,9.207701283547259,8.938016300001385,
42,HOME AND KITCHEN II,11.739789964994166,11.622772399677489,
42,HOME APPLIANCES,0.11260210035005834,0.449315621417165,
42,HOME CARE,94.35472578763127,94.48745303524663,
42,LADIESWEAR,8.216452742123687,7.6023620906988105,
42,LAWN AND GARDEN,11.256709451575263,10.67287335789919,
42,LINGERIE,1.970828471411902,1.7757302407295072,
42,"LIQUOR,WINE,BEER",34.79404900816803,33.346155879193525,
42,MAGAZINES,3.795799299883314,3.2876427492836577,
42,MEATS,92.69828411785298,93.67288405834118,
42,PERSONAL CARE,102.27829638273046,104.37721612981643,
42,PET SUPPLIES,3.099183197199533,2.69055682943393,
42,PLAYERS AND ELECTRONICS,3.708868144690782,3.257744284276543,
42,POULTRY,102.78958396149358,102.9933445875792,
42,PREPARED FOODS,34.668349478996504,33.334271429815914,
42,PRODUCE,1125.762592765461,1118.9863243505793,
42,SCHOOL AND OFFICE SUPPLIES,0.2427071178529755,0.5257185796035813,
42,SEAFOOD,8.278948075087515,8.086258043209238,
43,AUTOMOTIVE,5.972578763127188,5.544865346954326,
43,BABY CARE,0.047257876312718786,0.36499089536022006,
43,BEAUTY,1.1983663943990666,1.4394562768394963,
43,BEVERAGES,2977.2567094515753,2971.8190410247716,
43,BOOKS,0.0,0.3439349416671875,
43,CELEBRATION,5.445157526254376,4.954910787350137,
43,CLEANING,1013.0361726954493,1012.6755530598697,
43,EGGS,140.61085180863478,140.38058288864528,
43,FROZEN FOODS,51.982952265810965,51.46152301968296,
43,GROCERY II,4.308051341890315,4.612539301550962,
43,HARDWARE,1.1954492415402567,1.5889672890474058,
43,HOME AND KITCHEN I,14.712368728121353,14.086823278618967,
43,HOME AND KITCHEN II,9.83313885647608,9.175412920557427,
43,HOME APPLIANCES,0.1382730455075846,0.4352341835521211,
43,HOME CARE,138.25379229871646,138.29273707406242,
43,LADIESWEAR,0.0,0.392837199746996,
43,LAWN AND GARDEN,1.0046674445740957,1.200486045204648,
43,LINGERIE,3.4784130688448074,3.5584558738871768,
43,"LIQUOR,WINE,BEER",90.463243873979,87.8236170826889,
43,MAGAZINES,1.160443407234539,1.0818026377167118,
43,PET SUPPLIES,0.6732788798133023,0.808394372505281,
43,PLAYERS AND ELECTRONICS,2.6977829638273048,2.44338869321832,
43,PRODUCE,492.44129891481913,490.72172524624153,
43,SCHOOL AND OFFICE SUPPLIES,1.8121353558926487,2.1295216124492344,
43,SEAFOOD,0.7450408401400234,1.0367137758368457,
44,BABY CARE,0.0,0.00820503026789295,
44,BEAUTY,11.691365227537924,11.244166169815724,
44,BEVERAGES,7990.765460910152,7984.702061916422,
44,BOOKS,0.3115519253208868,0.22000948729660497,
44,CELEBRATION,22.512835472578764,22.383283909330878,
44,CLEANING,2560.4282380396735,2568.066899484665,
44,DAIRY,2545.289381563594,2550.312353657145,
44,EGGS,648.6686114352392,657.0569229860996,
44,FROZEN FOODS,614.8641649649942,608.5176573915489,
44,GROCERY I,9752.598497666277,9748.980819863738,
44,HARDWARE,4.168028004667445,3.7762749242517946,
44,HOME AND KITCHEN I,80.24212368728121,79.86798928352613,
44,HOME AND KITCHEN II,60.88506417736289,61.31630477188077,
44,HOME APPLIANCES,1.9165694282380397,1.8186160449478934,
44,HOME CARE,401.79521586931156,405.29965143815605,
44,LADIESWEAR,20.050175029171527,20.452099664763878,
44,LAWN AND GARDEN,12.99708284714119,12.459741552095108,
44,LINGERIE,19.294049008168027,18.53051043536471,
44,"LIQUOR,WINE,BEER",330.8173862310385,320.17872485565164,
44,MAGAZINES,11.56242707117853,10.933095990292705,
44,MEATS,971.81294831972,985.2563101615231,
44,PERSONAL CARE,559.2392065344224,564.1738822090031,
44,PET SUPPLIES,20.42882147024504,20.71287371569524,
44,PLAYERS AND ELECTRONICS,26.512835472578764,26.961188328864893,
44,POULTRY,1240.4132955950993,1245.980332757818,
44,PREPARED FOODS,470.8222495740957,466.5702412419183,
44,PRODUCE,6357.293768028005,6334.187653320193,
44,SCHOOL AND OFFICE SUPPLIES,17.369894982497083,16.645169758875163,
44,SEAFOOD,123.20444903092182,123.48168170590978,
45,AUTOMOTIVE,15.711201866977829,15.614839083609935,
45,BABY CARE,0.0,0.00820503026789295,
45,BEAUTY,10.029171528588098,9.564673021143607,
45,BEVERAGES,6776.459159859976,6789.074902095815,
45,BOOKS,0.3424737456242707,0.2479806993062648,
45,BREAD/BAKERY,1138.6701796674445,1136.3337498673257,
45,CELEBRATION,23.227537922987164,23.5677597375747,
45,DAIRY,2113.154025670945,2111.3923222911567,
45,DELI,644.0394930571762,652.7484206045988,
45,EGGS,413.78763127187864,419.9332710263757,
45,FROZEN FOODS,532.75663892007,526.9407275908287,
45,HARDWARE,1.0910151691948657,0.8903762831848354,
45,HOME AND KITCHEN I,47.44865810968495,48.51146263944774,
45,HOME AND KITCHEN II,51.51341890315052,52.515160114141295,
45,HOME APPLIANCES,1.369311551925321,1.3619377998571496,
45,HOME CARE,411.1750291715286,414.60119401628816,
45,LADIESWEAR,16.26254375729288,16.456690148523627,
45,LAWN AND GARDEN,17.93698949824971,17.740342837409113,
45,LINGERIE,5.138273045507584,4.623612601670487,
45,"LIQUOR,WINE,BEER",209.6901983663944,199.87767047516948,
45,MAGAZINES,8.80338389731622,8.051030539085477,
45,MEATS,1192.9204172462078,1204.0494616820047,
45,PERSONAL CARE,635.3512252042007,639.0500063762474,
45,PET SUPPLIES,13.610851808634772,13.163048408122535,
45,PLAYERS AND ELECTRONICS,18.970828471411902,18.975167763729,
45,POULTRY,1274.4393172812133,1275.7008841515635,
45,PRODUCE,4127.136348716453,4159.820504486263,
45,SCHOOL AND OFFICE SUPPLIES,16.06242707117853,14.910764922788642,
46,AUTOMOTIVE,15.224037339556594,15.573698862737329,
46,BABY CARE,0.0,0.00820503026789295,
46,BEAUTY,11.87164527421237,11.83043008567584,
46,BEVERAGES,4685.714119019836,4741.025309182465,
46,BOOKS,0.11843640606767794,0.09195410825240823,
46,BREAD/BAKERY,780.4409353325555,777.7922123346995,
46,CELEBRATION,14.230455075845974,14.1103472210737,
46,DAIRY,1433.441073512252,1446.0674109808788,
46,DELI,810.6822523687281,822.9544951766306,
46,FROZEN FOODS,407.2432107584597,401.29586966305425,
46,GROCERY I,8544.773045507585,8587.641131186647,
46,HARDWARE,1.5361726954492416,1.5473234513940284,
46,HOME AND KITCHEN I,27.48133022170362,28.65501637351486,
46,HOME AND KITCHEN II,34.36697782963827,35.787627045120615,
46,HOME APPLIANCES,1.3943990665110853,1.5658527000369764,
46,HOME CARE,427.3588098016336,430.85486086560167,
46,LADIESWEAR,20.69953325554259,21.4317159083719,
46,LAWN AND GARDEN,10.700700116686114,10.415822129045612,
46,LINGERIE,7.9900816802800465,7.518481556176286,
46,"LIQUOR,WINE,BEER",121.37339556592765,118.89750036712998,
46,MAGAZINES,4.620186697782964,3.9852668984069495,
46,MEATS,1168.9145536872813,1168.8737769906775,
46,PERSONAL CARE,745.9603267211202,748.9142888536284,
46,PET SUPPLIES,13.243290548424737,13.019413442022898,
46,PLAYERS AND ELECTRONICS,16.08926487747958,16.118141924855728,
46,PRODUCE,1895.552082613769,1898.3039200096557,
46,SCHOOL AND OFFICE SUPPLIES,12.788214702450409,13.588929495817162,
47,BABY CARE,0.0,0.00820503026789295,
47,BEAUTY,12.332555425904317,12.231036778069337,
47,BEVERAGES,6423.333138856476,6413.837761060314,
47,BOOKS,0.3436406067677946,0.25987323717099936,
47,BREAD/BAKERY,1108.3853353733955,1101.8370368788578,
47,CELEBRATION,17.21353558926488,17.152896079644037,
47,DAIRY,1988.4813302217037,1982.2440918186037,
47,DELI,642.0823368436406,647.0207788610091,
47,FROZEN FOODS,436.2273070361727,433.505060316697,
47,GROCERY I,9244.990950991833,9191.731549963213,
47,HARDWARE,1.8045507584597433,1.7523590422419066,
47,HOME AND KITCHEN I,40.4463243873979,41.47728256529192,
47,HOME AND KITCHEN II,44.94399066511085,46.22246535432373,
47,HOME APPLIANCES,1.823803967327888,1.8986680345404774,
47,HOME CARE,419.8208868144691,420.5842467485519,
47,LADIESWEAR,19.02392065344224,19.608436294038736,
47,LAWN AND GARDEN,16.290548424737455,16.154039329709615,
47,LINGERIE,5.1050175029171525,4.814200213337157,
47,MAGAZINES,7.441656942823804,6.874173006749009,
47,MEATS,896.687676336056,902.725920818173,
47,PET SUPPLIES,13.622520420070012,13.408049047827998,
47,PLAYERS AND ELECTRONICS,18.27362893815636,18.321389854984545,
47,POULTRY,1152.491715781797,1151.4120416312485,
47,PRODUCE,3815.957855775963,3839.8836839753226,
47,SCHOOL AND OFFICE SUPPLIES,12.273045507584598,12.117409777748085,
48,AUTOMOTIVE,13.594515752625437,13.905336462633374,
48,BABY CARE,0.0,0.004009356928428242,
48,BEAUTY,10.62543757292882,10.50946994845873,
48,BEVERAGES,3765.335472578763,3823.809271200746,
48,BOOKS,0.03442240373395566,0.026613387180798972,
48,BREAD/BAKERY,709.838482462077,708.0732586168199,
48,CELEBRATION,14.364060676779463,14.363306950191713,
48,DELI,652.6320572637106,660.0572733919124,
48,FROZEN FOODS,320.8124732957993,319.2518841851646,
48,GROCERY I,7651.799907817969,7700.178913272523,
48,HARDWARE,0.8961493582263711,0.8424309497908228,
48,HOME AND KITCHEN I,32.612018669778294,34.11588692951305,
48,HOME AND KITCHEN II,24.57992998833139,25.522572039173898,
48,HOME APPLIANCES,0.8593932322053676,0.955367658218229,
48,HOME CARE,392.17677946324386,393.4914976595092,
48,LADIESWEAR,16.725204200700116,17.18529870473936,
48,LAWN AND GARDEN,6.275379229871645,6.099965991459222,
48,LINGERIE,5.4329054842473745,5.2580326342893535,
48,MAGAZINES,3.0682613768961495,2.40224268433883,
48,MEATS,984.5696377362895,991.6927572209771,
48,PET SUPPLIES,9.713535589264877,9.289072579006612,
48,PLAYERS AND ELECTRONICS,13.723453908984832,13.613670408445058,
48,POULTRY,893.4229613477246,900.7273073250594,
48,PRODUCE,1386.3685054842474,1390.6125186848767,
48,SCHOOL AND OFFICE SUPPLIES,15.980163360560093,14.95425747149945,
49,AUTOMOTIVE,10.471411901983664,9.900208118957499,
49,BABY CARE,0.0,-0.01734210234828076,
49,BEAUTY,7.906067677946324,7.596384152571479,
49,BEVERAGES,5493.322053675613,5470.545892591473,
49,BOOKS,0.2701283547257876,0.1826442452855025,
49,BREAD/BAKERY,1029.6415374562428,1016.0645821060975,
49,CELEBRATION,20.86581096849475,20.752628806917297,
49,CLEANING,1685.4824970828472,1684.0863957856423,
49,DAIRY,1897.3389731621937,1877.7977595493192,
49,FROZEN FOODS,432.6996963208868,432.0010848104351,
49,GROCERY I,6605.664527421237,6588.628242087974,
49,HARDWARE,1.6995332555425904,1.6479411470244512,
49,HOME AND KITCHEN I,40.23862310385064,41.480164698658584,
49,HOME AND KITCHEN II,26.08634772462077,26.941349689642426,
49,HOME APPLIANCES,0.9959159859976663,0.9197074296765513,
49,HOME CARE,288.1406067677946,288.61156596692825,
49,LADIESWEAR,10.788798133022171,10.407561861869503,
49,LAWN AND GARDEN,16.83663943990665,16.557138599494188,
49,LINGERIE,9.112602100350058,8.551117587466216,
49,MAGAZINES,8.518086347724621,7.697338800651548,
49,PET SUPPLIES,10.438739789964995,9.798556955745584,
49,PLAYERS AND ELECTRONICS,20.442240373395567,20.38629642281038,
49,POULTRY,874.9101423803968,867.5822441107306,
49,PRODUCE,4784.924712252042,4762.14988886066,
49,SCHOOL AND OFFICE SUPPLIES,8.835472578763127,9.433203774292503,
50,AUTOMOTIVE,11.679113185530921,11.269228661109718,
50,BABY CARE,0.0,-0.01734210234828076,
50,BEAUTY,7.736872812135356,7.414199151003854,
50,BEVERAGES,3232.234539089848,3250.5445796273134,
50,BOOKS,0.1750291715285881,0.10098152506221623,
50,CELEBRATION,22.35414235705951,22.572569129794843,
50,CLEANING,1606.2829638273045,1611.91872371383,
50,DAIRY,1007.8920653442241,1005.9416691458525,
50,DELI,459.81779655775966,462.51600965140597,
50,FROZEN FOODS,273.3282818092182,270.6680788533711,
50,GROCERY I,6031.520592182031,6057.5958435066905,
50,HARDWARE,1.5163360560093349,1.522117712372821,
50,HOME AND KITCHEN I,49.29054842473746,50.67704084022689,
50,HOME AND KITCHEN II,45.838973162193696,46.70674840672314,
50,HOME APPLIANCES,0.647024504084014,0.6514723027748301,
50,HOME CARE,271.01808634772465,273.4992719975311,
50,LADIESWEAR,13.28588098016336,13.088180028579817,
50,LAWN AND GARDEN,5.1627771295215865,4.944027626727568,
50,LINGERIE,6.173278879813302,5.8713494875955465,
50,MAGAZINES,4.726371061843641,4.0571704662567605,
50,MEATS,615.8696100875146,616.5331310994295,
50,PERSONAL CARE,490.7666277712952,493.8940937897454,
50,PET SUPPLIES,5.663943990665111,5.051048362093355,
50,PLAYERS AND ELECTRONICS,14.314469078179696,13.90974957903596,
50,PRODUCE,1451.4568861726952,1429.7242302101156,
50,SCHOOL AND OFFICE SUPPLIES,11.116686114352392,11.022391071691002,
51,AUTOMOTIVE,6.993582263710619,6.255684502914357,
51,BABY CARE,0.0,-0.01734210234828076,
51,BEAUTY,4.82147024504084,4.363055023965705,
51,BEVERAGES,4096.972578763127,4068.2936048502866,
51,BOOKS,0.15460910151691948,0.07604680601407016,
51,BREAD/BAKERY,856.1152313593933,836.0807025193285,
51,CELEBRATION,9.65169194865811,8.79828588205887,
51,CLEANING,1454.6773628938156,1439.4154540806653,
51,DAIRY,1465.228121353559,1440.3792426357268,
51,FROZEN FOODS,331.7724348074679,330.54061766002053,
51,GROCERY I,4903.55950991832,4890.310955052953,
51,HARDWARE,1.4305717619603266,1.244696006741738,
51,HOME AND KITCHEN I,20.974329054842475,21.06867539336358,
51,HOME AND KITCHEN II,20.32788798133022,20.425344661034384,
51,HOME APPLIANCES,1.0717619603267212,0.9190609507291444,
51,HOME CARE,202.22695449241542,202.00907235030243,
51,LADIESWEAR,2.5834305717619603,2.1803157160067945,
51,LAWN AND GARDEN,17.306884480746792,16.656175641178088,
51,LINGERIE,6.641773628938156,5.984148478927901,
51,"LIQUOR,WINE,BEER",162.3360560093349,155.6090776337336,
51,MAGAZINES,5.866394399066511,5.024045898014341,
51,MEATS,636.365505495916,632.2021178177699,
51,PET SUPPLIES,11.082263710618436,10.15797156463942,
51,PLAYERS AND ELECTRONICS,7.208868144690782,6.420712654140465,
51,POULTRY,846.5516891131856,851.1350814287841,
51,PRODUCE,3377.0793517502916,3382.373775730473,
51,SCHOOL AND OFFICE SUPPLIES,6.26779463243874,6.215655000403088,
52,AUTOMOTIVE,0.9019836639439907,0.9956509486082855,
52,BABY CARE,0.0,-0.01734210234828076,
52,BEAUTY,0.587514585764294,0.537776140001797,
52,BEVERAGES,321.8978996499417,317.3711429692376,
52,BOOKS,0.0,-0.01734210234828076,
52,BREAD/BAKERY,58.48766166861144,56.600900086046344,
52,CELEBRATION,0.809218203033839,0.6553561627087348,
52,CLEANING,120.59334889148191,122.02449399408931,
52,DAIRY,84.19894982497082,85.0935555803207,
52,DELI,26.70322576429405,26.693179914552854,
52,EGGS,14.924154025670946,14.906836613119633,
52,FROZEN FOODS,24.242960921820302,23.0022168193927,
52,GROCERY I,440.79113185530923,434.56759521162917,
52,GROCERY II,3.393815635939323,3.302320633977943,
52,HARDWARE,0.23278879813302217,0.183012774000606,
52,HOME AND KITCHEN I,4.129521586931155,4.422337910582094,
52,HOME AND KITCHEN II,3.7759626604434073,4.149899140005863,
52,HOME APPLIANCES,0.07001166861143523,0.07276068711978312,
52,HOME CARE,26.556009334889147,26.583890469101963,
52,LADIESWEAR,0.7526254375729288,0.8414674499190381,
52,LAWN AND GARDEN,4.579346557759626,4.42416855648441,
52,LINGERIE,0.5945157526254375,0.5068251851281256,
52,"LIQUOR,WINE,BEER",14.73803967327888,13.466790211776296,
52,MAGAZINES,0.7403733955659276,0.5118929181657584,
52,MEATS,35.45009623687281,36.3261616561353,
52,PERSONAL CARE,27.254959159859975,28.542458066243807,
52,PET SUPPLIES,1.044340723453909,0.929496426426998,
52,PLAYERS AND ELECTRONICS,2.010501750291715,2.140464764781187,
52,POULTRY,35.03173039089848,34.740349017377824,
52,PREPARED FOODS,9.503067695449243,8.96078756718864,
52,PRODUCE,347.1441536172695,345.26903768320886,
52,SCHOOL AND OFFICE SUPPLIES,1.307467911318553,1.6174190693881274,
52,SEAFOOD,0.7208144684947492,0.6965539441659427,
53,AUTOMOTIVE,4.7987164527421236,4.22399570381217,
53,BABY CARE,0.012835472578763127,0.005605312296206378,
53,BEAUTY,3.4054842473745626,3.1144299418352994,
53,BEVERAGES,1259.247374562427,1259.1759415126917,
53,BOOKS,0.044924154025670945,0.02027168160044305,
53,BREAD/BAKERY,314.7490017502917,312.23204756074654,
53,CELEBRATION,5.310968494749125,4.803033414783768,
53,CLEANING,643.3278879813303,645.305962112387,
53,DAIRY,345.0355892648775,346.5901067570157,
53,DELI,148.24272433488915,150.90963594220128,
53,EGGS,65.02742123687281,67.333046837094,
53,FROZEN FOODS,116.50996926079347,118.75940941746047,
53,GROCERY I,1932.4644107351226,1932.1935590689577,
53,GROCERY II,10.46441073512252,9.66275969078795,
53,HARDWARE,0.9235705950991832,0.7511648896179954,
53,HOME AND KITCHEN I,14.247374562427071,14.615302978994034,
53,HOME AND KITCHEN II,13.704200700116687,13.904667567287424,
53,HOME APPLIANCES,0.09043173862310384,0.10731982885558149,
53,HOME CARE,117.59684947491249,118.90092699245473,
53,LADIESWEAR,2.7106184364060675,2.273004986424634,
53,LAWN AND GARDEN,3.6196032672112017,3.269819417974119,
53,LINGERIE,4.893232205367561,4.435882633467975,
53,"LIQUOR,WINE,BEER",69.84772462077012,68.21600747711636,
53,MAGAZINES,2.114935822637106,1.5241326056849578,
53,MEATS,169.13126559387396,175.41636819021394,
53,PERSONAL CARE,176.60093348891482,183.05919330716208,
53,PET SUPPLIES,2.098016336056009,1.6869260755060582,
53,PLAYERS AND ELECTRONICS,3.558926487747958,3.037774259175787,
53,POULTRY,139.08497288098016,143.31145761777506,
53,PREPARED FOODS,50.62256944807468,49.96473566378616,
53,PRODUCE,1121.2429294632439,1122.2745991116126,
53,SCHOOL AND OFFICE SUPPLIES,0.8004667444574096,0.7910042930272678,
53,SEAFOOD,3.921127829754959,3.8632817698502593,
54,AUTOMOTIVE,5.679696616102683,5.214908544184008,
54,BABY CARE,0.1808634772462077,0.14728292607990184,
54,BEAUTY,0.6248541423570595,0.6518510945415565,
54,BEVERAGES,1306.977829638273,1316.9813844531866,
54,BOOKS,0.0,-0.0013641417893330684,
54,CELEBRATION,2.941073512252042,2.5336674119823286,
54,EGGS,70.5046674445741,72.41561164619135,
54,GROCERY I,2649.2179492415403,2668.6046556366864,
54,GROCERY II,8.001750291715286,7.473219349266168,
54,HARDWARE,0.7077012835472579,0.5892494333246211,
54,HOME AND KITCHEN I,14.980163360560093,15.131960285502082,
54,HOME AND KITCHEN II,8.750875145857643,8.32903067644394,
54,HOME APPLIANCES,0.1837806301050175,0.13446055407232504,
54,HOME CARE,134.02858809801634,137.1201359170606,
54,LADIESWEAR,0.0,0.047538116290475385,
54,LAWN AND GARDEN,0.0,0.047538116290475385,
54,LINGERIE,4.278296382730455,3.9659164034509957,
54,MAGAZINES,0.4579929988331389,0.2827587951638564,
54,PET SUPPLIES,0.10093348891481914,0.11483597420199294,
54,PLAYERS AND ELECTRONICS,1.9865810968494748,1.7155266720592757,
54,PRODUCE,355.8054249533256,352.5516294237957,
54,SCHOOL AND OFFICE SUPPLIES,0.6312718786464411,0.8964543564483419,
54,SEAFOOD,1.73512252042007,1.81820863061279,
